county_name,FIPS,median_household_income_usd,family_poverty_rate_pct,Families (Below Poverty),unemployment_rate_pct,People (Unemployed),economic_vulnerability_z
"Autauga County, Alabama",01001,69841.0,8.1,1276.0,2.5,688.0,-0.5113229342151455
"Baldwin County, Alabama",01003,75019.0,7.3,4742.0,3.2,3615.0,-0.5650131695368729
"Barbour County, Alabama",01005,44290.0,17.7,1058.0,5.7,518.0,1.0325723973417562
"Bibb County, Alabama",01007,51215.0,16.0,843.0,10.0,936.0,1.3847471040828474
"Blount County, Alabama",01009,61096.0,10.3,1607.0,5.8,1586.0,0.25204887420979605
"Bullock County, Alabama",01011,36723.0,19.5,412.0,5.9,226.0,1.3200585363294348
"Butler County, Alabama",01013,44881.0,18.5,850.0,6.8,545.0,1.2240942339265573
"Calhoun County, Alabama",01015,55826.0,12.5,3490.0,6.4,3362.0,0.5762394615487366
"Chambers County, Alabama",01017,49295.0,12.3,1099.0,5.0,759.0,0.49544540031505596
"Cherokee County, Alabama",01019,50769.0,12.6,863.0,3.4,370.0,0.265551128339769
"Chilton County, Alabama",01021,61873.0,10.2,1232.0,5.4,1076.0,0.17557866876159625
"Choctaw County, Alabama",01023,44483.0,16.5,529.0,5.5,265.0,0.9246939702067861
"Clarke County, Alabama",01025,49167.0,13.1,698.0,13.2,1218.0,1.6805079297821484
"Clay County, Alabama",01027,51852.0,13.4,567.0,3.5,197.0,0.3096495559150187
"Cleburne County, Alabama",01029,53319.0,6.8,265.0,1.5,93.0,-0.41564803425564856
"Coffee County, Alabama",01031,64672.0,13.9,1950.0,4.3,999.0,0.20626798620269315
"Colbert County, Alabama",01033,56736.0,13.2,2030.0,3.3,884.0,0.1756888876389576
"Conecuh County, Alabama",01035,42266.0,17.3,483.0,8.3,316.0,1.4046198720437395
"Coosa County, Alabama",01037,57063.0,8.0,219.0,5.1,208.0,0.08596227531211209
"Covington County, Alabama",01039,50886.0,14.7,1404.0,4.6,723.0,0.5629188261111104
"Crenshaw County, Alabama",01041,49040.0,9.1,283.0,4.9,265.0,0.28231734795162194
"Cullman County, Alabama",01043,60916.0,9.9,2377.0,4.2,1739.0,0.009180164178656866
"Dale County, Alabama",01045,53955.0,14.9,1842.0,6.8,1299.0,0.8204552531562878
"Dallas County, Alabama",01047,36810.0,24.0,2126.0,10.9,1699.0,2.295542212962419
"DeKalb County, Alabama",01049,51149.0,14.6,2681.0,4.2,1359.0,0.49629905419256204
"Elmore County, Alabama",01051,75553.0,9.0,2131.0,3.9,1607.0,-0.37016120123139573
"Escambia County, Alabama",01053,44447.0,17.1,1391.0,9.1,1313.0,1.4604548083687838
"Etowah County, Alabama",01055,53070.0,12.0,3074.0,6.3,2911.0,0.5833480550190674
"Fayette County, Alabama",01057,50733.0,13.1,538.0,9.5,648.0,1.1399167061159592
"Franklin County, Alabama",01059,51493.0,13.6,1039.0,3.6,501.0,0.3430924545118894
"Geneva County, Alabama",01061,50951.0,14.1,997.0,4.9,571.0,0.5647811227185523
"Greene County, Alabama",01063,31495.0,28.4,482.0,3.3,82.0,1.629437703176386
"Hale County, Alabama",01065,41325.0,16.0,488.0,5.9,339.0,1.0085038939224096
"Henry County, Alabama",01067,60135.0,11.3,503.0,3.3,254.0,-0.010703400056224166
"Houston County, Alabama",01069,57531.0,13.8,3825.0,4.6,2220.0,0.37813666390975215
"Jackson County, Alabama",01071,49454.0,12.5,1761.0,5.4,1197.0,0.5603595851219206
"Jefferson County, Alabama",01073,64589.0,11.6,18919.0,4.8,15638.0,0.13007603765338047
"Lamar County, Alabama",01075,47447.0,10.4,358.0,6.4,357.0,0.6028004496590361
"Lauderdale County, Alabama",01077,59082.0,9.6,2369.0,3.9,1776.0,-0.016216147317914948
"Lawrence County, Alabama",01079,60040.0,9.6,859.0,2.1,304.0,-0.282965776506988
"Lee County, Alabama",01081,61123.0,9.6,3889.0,3.7,3197.0,-0.08292933529628521
"Limestone County, Alabama",01083,83534.0,6.5,1849.0,3.7,1915.0,-0.7102534836043403
"Lowndes County, Alabama",01085,35160.0,22.3,566.0,7.2,283.0,1.7080937991630278
"Macon County, Alabama",01087,45951.0,17.3,719.0,10.7,894.0,1.6651865605371352
"Madison County, Alabama",01089,83528.0,7.4,7606.0,3.8,7818.0,-0.6389034348464105
"Marengo County, Alabama",01091,44205.0,14.1,647.0,2.4,182.0,0.3490767983123748
"Marion County, Alabama",01093,50714.0,11.7,814.0,6.2,746.0,0.5955544090659628
"Marshall County, Alabama",01095,60946.0,12.4,3139.0,3.7,1607.0,0.09915128651257292
"Mobile County, Alabama",01097,58119.0,11.9,11982.0,5.3,10044.0,0.34221134490304167
"Monroe County, Alabama",01099,40225.0,17.1,765.0,11.9,853.0,1.927751196264282
"Montgomery County, Alabama",01101,58153.0,16.0,8709.0,6.0,6265.0,0.6998070582345911
"Morgan County, Alabama",01103,64858.0,10.1,3258.0,4.0,2288.0,-0.08120082884183866
"Perry County, Alabama",01105,34368.0,24.2,506.0,15.8,404.0,3.0312783098608542
"Pickens County, Alabama",01107,47014.0,15.8,680.0,6.5,477.0,0.9695116617476861
"Pike County, Alabama",01109,47961.0,11.8,826.0,3.9,592.0,0.3373078159381398
"Randolph County, Alabama",01111,51551.0,14.9,890.0,2.8,263.0,0.3145477949228204
"Russell County, Alabama",01113,50046.0,18.0,2677.0,6.6,1599.0,1.065603205058757
"St. Clair County, Alabama",01115,78993.0,7.6,1895.0,4.5,1981.0,-0.4426338012681858
"Shelby County, Alabama",01117,93543.0,4.5,2766.0,2.9,3463.0,-1.1400989852150056
"Sumter County, Alabama",01119,37981.0,19.7,608.0,8.6,400.0,1.6812987466223914
"Talladega County, Alabama",01121,56249.0,16.1,3581.0,8.1,2814.0,1.0324661951541187
"Tallapoosa County, Alabama",01123,57185.0,12.9,1412.0,7.5,1334.0,0.7275162054347021
"Tuscaloosa County, Alabama",01125,63947.0,11.5,6211.0,5.4,6310.0,0.21879451724972557
"Walker County, Alabama",01127,54509.0,13.2,2210.0,4.4,1188.0,0.370161759814612
"Washington County, Alabama",01129,60503.0,16.0,679.0,6.2,383.0,0.6823699473244429
"Wilcox County, Alabama",01131,42236.0,22.3,502.0,12.1,465.0,2.248660929751278
"Winston County, Alabama",01133,48032.0,13.7,892.0,4.2,421.0,0.49859847198430723
"Aleutians East Borough, Alaska",02013,72692.0,14.8,81.0,3.8,92.0,0.0410088698447215
"Aleutians West Census Area, Alaska",02016,107344.0,3.5,19.0,4.1,154.0,-1.3028088726908902
"Anchorage Borough, Alaska",02020,98152.0,5.8,3906.0,4.6,6811.0,-0.9108737530874218
"Bethel Census Area, Alaska",02050,70616.0,21.3,753.0,14.1,1077.0,1.9169508569031593
"Bristol Bay Borough, Alaska",02060,100625.0,1.7,3.0,4.0,19.0,-1.302714826273842
"Denali, Alaska",02068,88935.0,3.9,11.0,1.2,17.0,-1.3246712449978006
"Dillingham Census Area, Alaska",02070,74250.0,16.6,168.0,10.8,226.0,1.091984274971145
"Fairbanks North Star, Alaska",02090,84722.0,2.8,649.0,4.9,2118.0,-0.8035512769000817
"Haines Borough, Alaska",02100,72607.0,1.8,9.0,4.7,42.0,-0.6627924312117797
"Hoonah-Angoon Census Area, Alaska",02105,62500.0,6.6,34.0,16.9,213.0,1.5207580338466855
"Juneau Borough, Alaska",02110,100513.0,4.9,373.0,4.0,692.0,-1.0963529466498048
"Kenai Peninsula Borough, Alaska",02122,77722.0,7.0,997.0,6.9,1858.0,-0.12537940552127305
"Ketchikan Gateway Borough, Alaska",02130,89155.0,5.9,209.0,3.5,248.0,-0.8838651522846467
"Kodiak Island Borough, Alaska",02150,83716.0,6.5,209.0,4.8,306.0,-0.5619473319985883
"Kusilvak Census Area, Alaska",02158,48233.0,30.5,485.0,18.1,531.0,3.4850025250925367
"Lake and Peninsula Borough, Alaska",02164,64000.0,14.6,34.0,9.5,53.0,0.9813903753255447
"Matanuska-Susitna Borough, Alaska",02170,90625.0,7.4,2056.0,6.0,3024.0,-0.4713241451663106
"Nome Census Area, Alaska",02180,76643.0,18.6,376.0,15.8,696.0,1.863731805549541
"North Slope Borough, Alaska",02185,86313.0,11.4,186.0,6.6,437.0,-0.05062171772517998
"Northwest Arctic Borough, Alaska",02188,81298.0,16.0,220.0,16.3,488.0,1.6775943558605213
"Petersburg Census Area, Alaska",02195,77026.0,4.3,37.0,4.2,76.0,-0.6569332792312473
"Prince of Wales-Hyder Census Area, Alaska",02198,59079.0,12.1,173.0,8.1,233.0,0.7229619658677265
"Sitka Borough, Alaska",02220,101207.0,7.0,157.0,7.1,327.0,-0.5478533114687337
"Skagway Municipality, Alaska",02230,78594.0,4.6,10.0,9.5,83.0,0.0635336742701725
"Southeast Fairbanks Census Area, Alaska",02240,74223.0,11.0,167.0,6.9,209.0,0.19694571876771952
"Valdez-Cordova Census Area, Alaska",02261,85537.0,4.1,99.0,8.4,406.0,-0.25322655276223616
"Wrangell Borough, Alaska",02275,64545.0,8.4,42.0,3.5,31.0,-0.2526891824064378
"Yakutat City and Borough, Alaska",02282,80625.0,2.2,3.0,1.4,4.0,-1.2463067382693154
"Yukon-Koyukuk Census Area, Alaska",02290,52642.0,15.4,198.0,6.5,173.0,0.8361282286712145
"Apache County, Arizona",04001,40338.0,25.1,3425.0,10.0,2057.0,2.1739346183742523
"Cochise County, Arizona",04003,58970.0,11.1,3466.0,7.3,3392.0,0.5508378615218162
"Coconino County, Arizona",04005,69748.0,10.6,3327.0,6.6,4867.0,0.215780504114925
"Gila County, Arizona",04007,59089.0,10.9,1595.0,7.4,1521.0,0.549593305014402
"Graham County, Arizona",04009,67326.0,14.7,1336.0,6.3,955.0,0.48244906922566205
"Greenlee County, Arizona",04011,75239.0,8.3,181.0,3.5,151.0,-0.46401359357413713
"La Paz County, Arizona",04012,49506.0,15.2,822.0,10.8,660.0,1.4768406384345445
"Maricopa County, Arizona",04013,85518.0,7.8,86379.0,4.6,106930.0,-0.5411177206053988
"Mohave County, Arizona",04015,55799.0,11.4,6847.0,6.9,5662.0,0.5755551196368311
"Navajo County, Arizona",04017,52752.0,19.4,5342.0,8.8,3317.0,1.4066770668520883
"Pima County, Arizona",04019,67929.0,9.8,25159.0,5.7,28264.0,0.07539130597618625
"Pinal County, Arizona",04021,77588.0,7.8,8867.0,5.8,11246.0,-0.22355157155613944
"Santa Cruz County, Arizona",04023,53614.0,16.5,1995.0,10.5,2210.0,1.4396779898806369
"Yavapai County, Arizona",04025,66106.0,7.8,5260.0,4.2,4252.0,-0.22429879433329536
"Yuma County, Arizona",04027,60417.0,13.8,7582.0,8.1,6700.0,0.8058096504925341
"Arkansas County, Arkansas",05001,60831.0,8.7,368.0,6.8,543.0,0.29301425365330075
"Ashley County, Arkansas",05003,44481.0,17.0,744.0,6.1,423.0,1.0394377213705768
"Baxter County, Arkansas",05005,48427.0,9.0,1073.0,5.6,882.0,0.38427952272515015
"Benton County, Arkansas",05007,89879.0,5.7,4530.0,3.1,4763.0,-0.9657013853535387
"Boone County, Arkansas",05009,54195.0,8.6,864.0,3.9,673.0,0.013622290266389262
"Bradley County, Arkansas",05011,39565.0,18.5,403.0,4.4,175.0,0.994784465835615
"Calhoun County, Arkansas",05013,63654.0,9.9,112.0,7.2,144.0,0.3706921676782246
"Carroll County, Arkansas",05015,55187.0,11.5,864.0,3.9,477.0,0.17968161709070465
"Chicot County, Arkansas",05017,39683.0,16.1,388.0,8.5,314.0,1.4051392874224662
"Clark County, Arkansas",05019,50985.0,11.9,581.0,4.4,447.0,0.3547340992992343
"Clay County, Arkansas",05021,48500.0,13.7,544.0,6.3,418.0,0.7794182324321616
"Cleburne County, Arkansas",05023,55979.0,10.6,722.0,6.5,644.0,0.4658538453140215
"Cleveland County, Arkansas",05025,50509.0,10.9,213.0,2.3,65.0,0.010250314974266983
"Columbia County, Arkansas",05027,47363.0,19.1,1024.0,3.1,300.0,0.7042389439792073
"Conway County, Arkansas",05029,51212.0,15.2,865.0,6.7,622.0,0.878368581562364
"Craighead County, Arkansas",05031,57615.0,13.2,3811.0,6.0,3267.0,0.5314288877364346
"Crawford County, Arkansas",05033,60362.0,10.7,1789.0,5.2,1369.0,0.20884562819150942
"Crittenden County, Arkansas",05035,54271.0,16.2,1912.0,9.4,2088.0,1.2561478163805286
"Cross County, Arkansas",05037,47012.0,17.8,837.0,8.5,656.0,1.373173845050891
"Dallas County, Arkansas",05039,44694.0,9.5,146.0,8.5,237.0,0.8879127117256469
"Desha County, Arkansas",05041,36064.0,22.5,715.0,4.3,178.0,1.303348459723104
"Drew County, Arkansas",05043,41071.0,15.7,638.0,5.1,355.0,0.8838307449861307
"Faulkner County, Arkansas",05045,65071.0,9.9,3186.0,3.3,2025.0,-0.1946424979936966
"Franklin County, Arkansas",05047,51919.0,11.6,522.0,4.4,319.0,0.31768947198597314
"Fulton County, Arkansas",05049,38941.0,10.6,315.0,3.8,170.0,0.41978924483840085
"Garland County, Arkansas",05051,55409.0,11.7,3200.0,5.9,2656.0,0.4641797960270353
"Grant County, Arkansas",05053,72512.0,7.0,332.0,4.0,337.0,-0.425717880657553
"Greene County, Arkansas",05055,56793.0,12.1,1455.0,7.5,1609.0,0.6839747279070071
"Hempstead County, Arkansas",05057,47654.0,11.9,560.0,3.9,305.0,0.3495729798831014
"Hot Spring County, Arkansas",05059,52644.0,13.1,1094.0,3.6,494.0,0.2891257135329689
"Howard County, Arkansas",05061,44492.0,18.4,646.0,7.5,418.0,1.3217636127649846
"Independence County, Arkansas",05063,56009.0,15.0,1505.0,4.6,799.0,0.48388548476853993
"Izard County, Arkansas",05065,47728.0,15.8,473.0,7.0,330.0,1.0248256693877433
"Jackson County, Arkansas",05067,41215.0,18.4,692.0,9.7,629.0,1.6881530141894459
"Jefferson County, Arkansas",05069,48552.0,17.1,2580.0,7.5,2051.0,1.160994147018333
"Johnson County, Arkansas",05071,44808.0,14.1,942.0,4.9,525.0,0.6825072183851816
"Lafayette County, Arkansas",05073,37237.0,18.6,297.0,8.8,205.0,1.6529568077464079
"Lawrence County, Arkansas",05075,44164.0,13.4,577.0,6.3,444.0,0.8433692951991767
"Lee County, Arkansas",05077,36860.0,23.1,377.0,17.7,495.0,3.175511603059567
"Lincoln County, Arkansas",05079,51667.0,15.2,373.0,2.3,90.0,0.26247264660710434
"Little River County, Arkansas",05081,52241.0,11.9,376.0,9.0,501.0,0.9654388903199237
"Logan County, Arkansas",05083,54237.0,8.1,463.0,5.9,571.0,0.25689790075249824
"Lonoke County, Arkansas",05085,71449.0,8.1,1592.0,4.5,1575.0,-0.26614989773078224
"Madison County, Arkansas",05087,53888.0,11.6,558.0,4.3,342.0,0.26615557020909497
"Marion County, Arkansas",05089,46953.0,10.8,526.0,6.5,416.0,0.6515939919810382
"Miller County, Arkansas",05091,49983.0,15.8,1613.0,7.2,1284.0,1.0092091638964997
"Mississippi County, Arkansas",05093,53428.0,16.7,1677.0,8.4,1563.0,1.166217373582302
"Monroe County, Arkansas",05095,43955.0,18.1,273.0,9.4,254.0,1.575099342839519
"Montgomery County, Arkansas",05097,49015.0,16.8,452.0,7.0,234.0,1.0639785950461325
"Nevada County, Arkansas",05099,41761.0,27.6,611.0,8.3,278.0,2.0716164087471003
"Newton County, Arkansas",05101,47395.0,10.3,209.0,3.9,121.0,0.2524287843548186
"Ouachita County, Arkansas",05103,49838.0,12.2,676.0,4.6,412.0,0.4234596334776311
"Perry County, Arkansas",05105,60078.0,10.6,296.0,4.5,186.0,0.1113103338224218
"Phillips County, Arkansas",05107,38874.0,25.4,984.0,15.8,962.0,3.0215049258232654
"Pike County, Arkansas",05109,51000.0,14.0,376.0,2.6,110.0,0.2400727842633025
"Poinsett County, Arkansas",05111,47188.0,14.2,777.0,5.3,522.0,0.6984758311230527
"Polk County, Arkansas",05113,49252.0,15.3,778.0,8.4,722.0,1.1569030817191137
"Pope County, Arkansas",05115,54606.0,12.6,2009.0,4.7,1367.0,0.3714107998598965
"Prairie County, Arkansas",05117,51094.0,4.4,90.0,4.1,151.0,-0.16738321780791918
"Pulaski County, Arkansas",05119,60385.0,12.3,12004.0,4.9,9611.0,0.2691142140557873
"Randolph County, Arkansas",05121,52838.0,16.8,777.0,6.3,494.0,0.8941173875794375
"St. Francis County, Arkansas",05123,41784.0,21.8,1060.0,7.4,635.0,1.5768399396609227
"Saline County, Arkansas",05125,76534.0,6.5,2270.0,3.8,2393.0,-0.5623041516957982
"Scott County, Arkansas",05127,45955.0,12.3,329.0,6.2,249.0,0.7250475612298813
"Searcy County, Arkansas",05129,41978.0,16.3,324.0,5.3,159.0,0.9323380749863532
"Sebastian County, Arkansas",05131,56450.0,11.0,3655.0,5.8,3564.0,0.3857581979403617
"Sevier County, Arkansas",05133,51641.0,12.7,495.0,4.9,336.0,0.46221350487232327
"Sharp County, Arkansas",05135,42950.0,12.0,531.0,6.5,425.0,0.8048893606745823
"Stone County, Arkansas",05137,38531.0,16.5,496.0,4.4,188.0,0.8869656424650177
"Union County, Arkansas",05139,50221.0,15.6,1407.0,4.4,741.0,0.6054997503860516
"Van Buren County, Arkansas",05141,47266.0,14.9,706.0,4.3,252.0,0.6036585654987676
"Washington County, Arkansas",05143,66426.0,8.4,4967.0,4.2,5473.0,-0.19214095714427684
"White County, Arkansas",05145,53435.0,13.8,2730.0,5.1,1748.0,0.5256307985490749
"Woodruff County, Arkansas",05147,49982.0,15.2,231.0,6.3,173.0,0.8467427949237308
"Yell County, Arkansas",05149,58870.0,8.5,473.0,3.5,316.0,-0.13755023015959347
"Alameda County, California",06001,126240.0,5.6,21711.0,5.2,47017.0,-1.37912641450467
"Alpine County, California",06003,110781.0,7.8,27.0,3.6,29.0,-1.1632592015273826
"Amador County, California",06005,81526.0,4.1,436.0,6.1,1043.0,-0.49374623109201665
"Butte County, California",06007,68574.0,10.8,5233.0,7.1,7192.0,0.32004011652579206
"Calaveras County, California",06009,79877.0,8.2,1046.0,5.9,1117.0,-0.22809218587425276
"Colusa County, California",06011,75149.0,9.1,463.0,8.4,869.0,0.2649385488163292
"Contra Costa County, California",06013,125727.0,5.7,16660.0,5.9,35999.0,-1.2663171988843527
"Del Norte County, California",06015,66780.0,6.9,448.0,6.4,712.0,0.008936981716423245
"El Dorado County, California",06017,106190.0,5.4,2871.0,4.8,4466.0,-1.0628441531280863
"Fresno County, California",06019,71434.0,14.6,33575.0,8.5,39771.0,0.7009286208629998
"Glenn County, California",06021,70487.0,9.8,675.0,7.4,1028.0,0.26095991146159053
"Humboldt County, California",06023,61135.0,10.5,3169.0,8.7,5702.0,0.6642492445407083
"Imperial County, California",06025,56393.0,17.0,6242.0,12.6,8809.0,1.708117796989022
"Inyo County, California",06027,72432.0,7.7,352.0,2.7,240.0,-0.5589055688161015
"Kern County, California",06029,67660.0,15.2,31577.0,8.4,33049.0,0.7977455105363762
"Kings County, California",06031,68750.0,13.7,4565.0,9.8,5787.0,0.8743228769743525
"Lake County, California",06033,58738.0,10.9,1722.0,11.5,3220.0,1.1220977793327354
"Lassen County, California",06035,64395.0,10.1,598.0,7.6,787.0,0.42445274876085376
"Los Angeles County, California",06037,87760.0,9.9,220217.0,7.0,365701.0,-0.11888058417515401
"Madera County, California",06039,75496.0,15.4,5261.0,10.6,7165.0,0.9639258740876869
"Marin County, California",06041,142785.0,4.0,2612.0,6.1,8218.0,-1.6741118318060468
"Mariposa County, California",06043,65378.0,9.5,421.0,6.9,549.0,0.2707276583750256
"Mendocino County, California",06045,64688.0,10.7,2137.0,9.3,3881.0,0.6917188230970438
"Merced County, California",06047,65044.0,15.2,9635.0,10.8,13441.0,1.1790662489720531
"Modoc County, California",06049,56648.0,11.3,234.0,6.0,196.0,0.4287077922405859
"Mono County, California",06051,86953.0,6.7,239.0,2.0,155.0,-0.9976034487366524
"Monterey County, California",06053,94486.0,9.2,8818.0,5.1,10068.0,-0.5546413042420705
"Napa County, California",06055,108970.0,5.6,1855.0,5.1,3643.0,-1.0619589725520542
"Nevada County, California",06057,84905.0,6.4,1711.0,4.7,2162.0,-0.604914838874648
"Orange County, California",06059,113702.0,6.6,50489.0,5.3,90063.0,-1.0612280307901325
"Placer County, California",06061,114678.0,4.6,5055.0,4.5,9116.0,-1.31796270346434
"Plumas County, California",06063,64946.0,6.0,302.0,9.7,769.0,0.4420307891282394
"Riverside County, California",06065,89672.0,8.5,48343.0,6.6,76743.0,-0.30006477273531723
"Sacramento County, California",06067,88724.0,9.1,33990.0,6.4,51540.0,-0.2712055621440933
"San Benito County, California",06069,108289.0,5.8,913.0,6.0,2038.0,-0.9119495083053694
"San Bernardino County, California",06071,82184.0,10.7,54488.0,7.1,74017.0,0.05283270113151095
"San Diego County, California",06073,102285.0,6.9,53088.0,6.2,104758.0,-0.699089256137917
"San Francisco County, California",06075,141446.0,5.7,9644.0,5.6,28900.0,-1.6089586975864612
"San Joaquin County, California",06077,88531.0,9.7,17477.0,7.4,27442.0,-0.09122186632660785
"San Luis Obispo County, California",06079,93398.0,6.3,4319.0,5.1,7005.0,-0.718860861379914
"San Mateo County, California",06081,156000.0,3.8,6858.0,4.5,18501.0,-2.160922438299177
"Santa Barbara County, California",06083,95977.0,7.6,7316.0,6.1,13563.0,-0.5473283786469462
"Santa Clara County, California",06085,159674.0,4.2,19063.0,4.5,46668.0,-2.2058050221347982
"Santa Cruz County, California",06087,109266.0,5.8,3556.0,5.6,7922.0,-0.9858708334652869
"Shasta County, California",06089,71931.0,7.8,3500.0,6.2,5115.0,-0.05994147418072041
"Sierra County, California",06091,60000.0,9.1,66.0,12.2,147.0,1.0796374777873523
"Siskiyou County, California",06093,55499.0,11.6,1297.0,7.7,1392.0,0.7044635390036924
"Solano County, California",06095,99994.0,7.1,7736.0,5.9,13027.0,-0.683818828347354
"Sonoma County, California",06097,102840.0,4.8,5756.0,5.2,13476.0,-0.9817364238412845
"Stanislaus County, California",06099,79661.0,10.5,13768.0,7.8,20229.0,0.18501689315703643
"Sutter County, California",06101,75450.0,12.0,2854.0,7.0,3188.0,0.2510479594167918
"Tehama County, California",06103,61834.0,10.5,1776.0,6.7,1839.0,0.37486424277831915
"Trinity County, California",06105,53498.0,6.9,182.0,5.9,314.0,0.19447948886363542
"Tulare County, California",06107,69489.0,14.7,16593.0,8.8,18688.0,0.7859832318933018
"Tuolumne County, California",06109,72259.0,7.2,973.0,7.9,1818.0,0.13007304516942766
"Ventura County, California",06111,107327.0,6.3,12513.0,5.5,23547.0,-0.9306021085798819
"Yolo County, California",06113,88818.0,7.3,3513.0,5.3,5865.0,-0.5396722600302255
"Yuba County, California",06115,73313.0,11.8,2315.0,7.3,2553.0,0.32063690841474185
"Adams County, Colorado",08001,91387.0,7.0,8923.0,4.6,13434.0,-0.7046466773726779
"Alamosa County, Colorado",08003,51445.0,13.4,533.0,2.5,203.0,0.17945482344857336
"Arapahoe County, Colorado",08005,97215.0,5.7,9296.0,4.7,17434.0,-0.8854991092418808
"Archuleta County, Colorado",08007,76524.0,4.8,202.0,1.8,113.0,-0.9465911623828988
"Baca County, Colorado",08009,40380.0,20.1,166.0,1.3,20.0,0.6534901015606273
"Bent County, Colorado",08011,49194.0,23.6,255.0,4.6,77.0,1.1633190751922795
"Boulder County, Colorado",08013,102772.0,4.3,3255.0,4.6,8593.0,-1.0951386762753563
"Broomfield County, Colorado",08014,121025.0,2.1,398.0,3.3,1416.0,-1.7647351619985117
"Chaffee County, Colorado",08015,70909.0,7.1,400.0,5.2,501.0,-0.22302231870556208
"Cheyenne County, Colorado",08017,67768.0,9.6,47.0,1.9,18.0,-0.45866615414124645
"Clear Creek County, Colorado",08019,96667.0,3.4,84.0,4.2,240.0,-1.090774262738729
"Conejos County, Colorado",08021,47209.0,11.9,218.0,4.6,161.0,0.4546972915070691
"Costilla County, Colorado",08023,36519.0,21.1,209.0,4.5,59.0,1.232883362628494
"Crowley County, Colorado",08025,47563.0,16.8,135.0,5.6,96.0,0.8986126864410825
"Custer County, Colorado",08027,72700.0,5.5,86.0,5.6,122.0,-0.3042554270004921
"Delta County, Colorado",08029,58330.0,10.8,842.0,3.2,399.0,-0.02182002504250465
"Denver County, Colorado",08031,91681.0,7.7,11611.0,4.6,20324.0,-0.6656088354251416
"Dolores County, Colorado",08033,70490.0,9.3,83.0,2.5,31.0,-0.44717973824521523
"Douglas County, Colorado",08035,145737.0,2.1,2201.0,3.6,7458.0,-2.196924165314552
"Eagle County, Colorado",08037,103174.0,4.6,581.0,4.2,1414.0,-1.1388953461787146
"Elbert County, Colorado",08039,129477.0,4.0,319.0,3.0,438.0,-1.8468569860546777
"El Paso County, Colorado",08041,87470.0,5.5,10572.0,5.5,19993.0,-0.6011111179078473
"Fremont County, Colorado",08043,61027.0,9.2,1007.0,4.4,803.0,-0.01002028826040599
"Garfield County, Colorado",08045,86172.0,7.0,1093.0,3.6,1283.0,-0.7426996113749927
"Gilpin County, Colorado",08047,88654.0,4.7,76.0,3.0,107.0,-1.019841954537746
"Grand County, Colorado",08049,84558.0,2.2,81.0,4.4,413.0,-0.9076960345128086
"Gunnison County, Colorado",08051,77358.0,4.7,197.0,3.7,395.0,-0.7067661755397597
"Hinsdale County, Colorado",08053,64327.0,0.0,0.0,1.5,7.0,-1.0605661901577847
"Huerfano County, Colorado",08055,52139.0,11.5,195.0,11.1,276.0,1.2316553480741437
"Jackson County, Colorado",08057,41809.0,14.8,64.0,9.5,69.0,1.4194281045175776
"Jefferson County, Colorado",08059,107800.0,3.7,5662.0,3.9,12987.0,-1.3263832289713775
"Kiowa County, Colorado",08061,56389.0,7.6,26.0,0.0,0.0,-0.6304203493230652
"Kit Carson County, Colorado",08063,59810.0,7.0,128.0,2.8,99.0,-0.3478868612559097
"Lake County, Colorado",08065,93655.0,5.6,88.0,2.3,108.0,-1.1548430649829688
"La Plata County, Colorado",08067,85296.0,8.0,1144.0,3.1,939.0,-0.731091669651477
"Larimer County, Colorado",08069,91364.0,4.6,4218.0,4.5,9240.0,-0.8711669693976306
"Las Animas County, Colorado",08071,50408.0,10.8,419.0,5.6,351.0,0.46118631710587504
"Lincoln County, Colorado",08073,54257.0,3.2,36.0,1.8,39.0,-0.6219681572875159
"Logan County, Colorado",08075,55074.0,9.1,443.0,5.6,580.0,0.263276370006309
"Mesa County, Colorado",08077,71485.0,7.3,2965.0,5.1,4022.0,-0.23509692815750097
"Mineral County, Colorado",08079,52455.0,4.0,10.0,7.5,31.0,0.25018888267147116
"Moffat County, Colorado",08081,70975.0,10.8,375.0,4.0,264.0,-0.15375651693935868
"Montezuma County, Colorado",08083,63005.0,6.8,480.0,4.5,523.0,-0.18728936181447908
"Montrose County, Colorado",08085,66072.0,8.2,959.0,4.2,838.0,-0.19812027402894247
"Morgan County, Colorado",08087,75407.0,9.8,738.0,4.2,612.0,-0.27491097094251654
"Otero County, Colorado",08089,54897.0,15.6,756.0,4.6,380.0,0.5434865531140964
"Ouray County, Colorado",08091,84556.0,3.2,51.0,3.2,79.0,-1.0094338751996814
"Park County, Colorado",08093,95450.0,3.5,207.0,3.5,322.0,-1.157665827863888
"Phillips County, Colorado",08095,60372.0,15.9,182.0,0.8,17.0,-0.06667205000446004
"Pitkin County, Colorado",08097,100318.0,3.2,137.0,1.5,159.0,-1.5460918625201252
"Prowers County, Colorado",08099,57601.0,9.8,306.0,4.8,271.0,0.1491247309827017
"Pueblo County, Colorado",08101,62250.0,11.6,4888.0,5.4,4068.0,0.25769801311339374
"Rio Blanco County, Colorado",08103,72620.0,7.2,122.0,4.3,131.0,-0.3736257771413885
"Rio Grande County, Colorado",08105,62166.0,10.1,346.0,8.0,451.0,0.5223677369151747
"Routt County, Colorado",08107,104803.0,3.8,264.0,2.5,354.0,-1.4557586103830065
"Saguache County, Colorado",08109,54283.0,14.9,282.0,7.9,248.0,0.9659634216971972
"San Juan County, Colorado",08111,73889.0,14.4,31.0,6.7,30.0,0.39272661552197635
"San Miguel County, Colorado",08113,80117.0,3.2,61.0,4.1,208.0,-0.8001685610381822
"Sedgwick County, Colorado",08115,52833.0,14.1,84.0,2.3,26.0,0.16992803880408144
"Summit County, Colorado",08117,106255.0,3.4,229.0,3.3,661.0,-1.3987163906048472
"Teller County, Colorado",08119,80666.0,3.5,264.0,3.4,422.0,-0.8881407550838656
"Washington County, Colorado",08121,65164.0,4.9,66.0,3.4,77.0,-0.5017120060290879
"Weld County, Colorado",08123,93287.0,6.0,5259.0,4.7,8676.0,-0.7910766648317797
"Yuma County, Colorado",08125,60051.0,11.1,291.0,5.2,263.0,0.24033265061203624
"Fairfield County, Connecticut",09001,114462.0,6.6,16095.0,6.0,31418.0,-0.9791966615848994
"Hartford County, Connecticut",09003,89982.0,7.1,16237.0,5.4,26320.0,-0.5609434761455884
"Litchfield County, Connecticut",09005,95323.0,5.3,2648.0,5.4,5597.0,-0.7781710376549246
"Middlesex County, Connecticut",09007,97859.0,3.9,1671.0,3.9,3571.0,-1.123107777480176
"New Haven County, Connecticut",09009,83971.0,8.0,17199.0,6.1,28154.0,-0.2917152470255029
"New London County, Connecticut",09011,89428.0,6.9,4807.0,4.9,6751.0,-0.6320872341999625
"Tolland County, Connecticut",09013,103443.0,4.3,1573.0,5.2,4081.0,-1.0252011461932617
"Windham County, Connecticut",09015,77748.0,7.4,2232.0,6.3,3946.0,-0.18314749489079496
"Kent County, Delaware",10001,72872.0,8.6,4073.0,5.5,4868.0,-0.12351739210400442
"New Castle County, Delaware",10003,89901.0,6.7,9372.0,4.9,15029.0,-0.6539154003628802
"Sussex County, Delaware",10005,78162.0,7.7,5360.0,5.1,5743.0,-0.3375298074980689
District of Columbia,11001,106287.0,10.7,14228.0,6.5,25748.0,-0.4918803936657184
"Alachua County, Florida",12001,59659.0,8.8,5021.0,4.3,6123.0,-0.02312996437188161
"Baker County, Florida",12003,70833.0,12.5,833.0,4.3,522.0,-0.0011473395048624453
"Bay County, Florida",12005,70188.0,8.3,4074.0,3.6,3222.0,-0.35341541915448654
"Bradford County, Florida",12007,59740.0,12.6,735.0,6.6,738.0,0.5352111699649167
"Brevard County, Florida",12009,75817.0,6.8,10881.0,4.8,14187.0,-0.39142358107828296
"Broward County, Florida",12011,74534.0,9.4,44799.0,5.6,58574.0,-0.0905150754502879
"Calhoun County, Florida",12013,46901.0,15.9,467.0,4.1,198.0,0.6468719433052494
"Charlotte County, Florida",12015,66154.0,6.6,3794.0,5.6,4137.0,-0.10860705968477741
"Citrus County, Florida",12017,55355.0,11.1,4942.0,6.8,3748.0,0.5511193940948292
"Clay County, Florida",12019,86094.0,6.9,4221.0,3.8,4181.0,-0.719987614433223
"Collier County, Florida",12021,86173.0,6.8,7363.0,4.0,6842.0,-0.7002844074995375
"Columbia County, Florida",12023,55070.0,11.3,1948.0,6.3,1892.0,0.5003473832718813
"DeSoto County, Florida",12027,50868.0,17.8,1520.0,8.6,1218.0,1.313075888247578
"Dixie County, Florida",12029,47655.0,12.1,506.0,5.1,310.0,0.5279107904587241
"Duval County, Florida",12031,68447.0,10.7,26091.0,4.5,22980.0,-0.042693687647507715
"Escambia County, Florida",12033,65715.0,10.6,8446.0,5.9,8944.0,0.19647378265784088
"Flagler County, Florida",12035,72923.0,6.7,2421.0,3.7,1891.0,-0.49413797284297106
"Franklin County, Florida",12037,62734.0,12.4,392.0,6.9,344.0,0.5064682620744613
"Gadsden County, Florida",12039,46047.0,21.1,2248.0,4.4,734.0,1.0364867623095273
"Gilchrist County, Florida",12041,61070.0,8.3,411.0,3.2,249.0,-0.23387346322135136
"Glades County, Florida",12043,38905.0,19.1,599.0,6.2,267.0,1.2941135461001896
"Gulf County, Florida",12045,67361.0,10.2,393.0,3.2,182.0,-0.2331829282544193
"Hamilton County, Florida",12047,47696.0,18.0,560.0,7.9,314.0,1.2900322000184798
"Hardee County, Florida",12049,54231.0,20.5,1265.0,6.8,696.0,1.1725430082065327
"Hendry County, Florida",12051,53044.0,17.3,1728.0,4.4,861.0,0.6598884976732481
"Hernando County, Florida",12053,63193.0,9.1,4913.0,5.8,5025.0,0.13528059949974466
"Highlands County, Florida",12055,55581.0,11.4,3273.0,5.9,2224.0,0.44173834060014444
"Hillsborough County, Florida",12057,75011.0,9.6,34488.0,4.5,35448.0,-0.23868701177943583
"Holmes County, Florida",12059,48236.0,10.9,495.0,4.4,347.0,0.3435993328244056
"Indian River County, Florida",12061,71049.0,7.8,3372.0,5.3,3614.0,-0.16723372061600547
"Jackson County, Florida",12063,47327.0,13.1,1390.0,4.7,818.0,0.5428161724919349
"Jefferson County, Florida",12065,56984.0,16.3,598.0,6.5,432.0,0.8103525831093862
"Lafayette County, Florida",12067,60692.0,15.0,262.0,6.3,193.0,0.6287300216731877
"Lake County, Florida",12069,69956.0,6.4,6936.0,5.1,9093.0,-0.2632303672628105
"Lee County, Florida",12071,73099.0,7.9,16373.0,4.2,14873.0,-0.351932783630462
"Leon County, Florida",12073,65074.0,9.8,6186.0,5.6,9021.0,0.11630583094451719
"Levy County, Florida",12075,53805.0,13.6,1593.0,3.8,697.0,0.3263835857693029
"Liberty County, Florida",12077,53824.0,17.4,301.0,6.8,184.0,0.982509117251749
"Madison County, Florida",12079,48176.0,13.0,531.0,2.4,161.0,0.2027764199827533
"Manatee County, Florida",12081,75792.0,6.5,7216.0,5.1,9624.0,-0.36869129898447817
"Marion County, Florida",12083,58535.0,10.2,10681.0,5.2,8159.0,0.21195007602835028
"Martin County, Florida",12085,80701.0,7.1,3019.0,4.5,3260.0,-0.5072750392821562
"Miami-Dade County, Florida",12086,68694.0,11.4,74838.0,4.4,61929.0,-0.016554584060940947
"Monroe County, Florida",12087,82430.0,6.7,1379.0,3.2,1382.0,-0.7453299592895754
"Nassau County, Florida",12089,88900.0,7.1,2010.0,4.0,1745.0,-0.733400163750582
"Okaloosa County, Florida",12091,79097.0,6.5,3660.0,3.1,3063.0,-0.7080183820275505
"Okeechobee County, Florida",12093,52288.0,14.1,1402.0,6.0,965.0,0.6909525452839401
"Orange County, Florida",12095,77011.0,9.8,32853.0,5.5,42894.0,-0.12625748994435185
"Osceola County, Florida",12097,68711.0,10.5,10036.0,5.2,11041.0,0.036079690667632655
"Palm Beach County, Florida",12099,81115.0,7.5,28210.0,5.4,40437.0,-0.3654869804182603
"Pasco County, Florida",12101,67384.0,7.8,11799.0,4.9,13424.0,-0.1521945157279833
"Pinellas County, Florida",12103,70293.0,7.0,16382.0,4.6,22153.0,-0.30039561730562964
"Polk County, Florida",12105,63644.0,11.1,21015.0,4.4,15310.0,0.061079765749208266
"Putnam County, Florida",12107,47256.0,17.8,3340.0,7.1,2027.0,1.1753053386515055
"St. Johns County, Florida",12109,106169.0,4.5,3658.0,3.9,5531.0,-1.2440724381548023
"St. Lucie County, Florida",12111,69027.0,7.8,7028.0,5.8,9339.0,-0.05948627691150108
"Santa Rosa County, Florida",12113,88968.0,6.3,3212.0,4.5,3944.0,-0.7167599096760963
"Sarasota County, Florida",12115,80633.0,5.4,7052.0,3.7,7048.0,-0.724857015210687
"Seminole County, Florida",12117,83030.0,6.3,7693.0,4.1,10643.0,-0.6581603246073403
"Sumter County, Florida",12119,73297.0,6.0,2645.0,5.7,1845.0,-0.26998836679277427
"Suwannee County, Florida",12121,55479.0,10.8,1194.0,5.7,1047.0,0.3778037752081529
"Taylor County, Florida",12123,44985.0,14.5,734.0,5.1,364.0,0.7322409961060866
"Union County, Florida",12125,64922.0,13.5,397.0,3.3,149.0,0.037955394737395474
"Volusia County, Florida",12127,66581.0,8.1,12050.0,4.0,10431.0,-0.24185553789579842
"Wakulla County, Florida",12129,74183.0,4.3,362.0,3.1,513.0,-0.7542433148401084
"Walton County, Florida",12131,79281.0,8.2,1844.0,5.2,2005.0,-0.31326649496054176
"Washington County, Florida",12133,52723.0,14.6,919.0,4.0,376.0,0.4385355791681744
"Appling County, Georgia",13001,43728.0,20.2,1011.0,3.6,273.0,0.9130974230893689
"Atkinson County, Georgia",13003,38438.0,22.4,530.0,2.8,105.0,1.0444788706667212
"Bacon County, Georgia",13005,50310.0,17.3,458.0,3.2,146.0,0.5466900979629004
"Baker County, Georgia",13007,44405.0,17.4,125.0,9.6,96.0,1.5494022036951023
"Baldwin County, Georgia",13009,55413.0,16.0,1555.0,5.5,956.0,0.6833198566861162
"Banks County, Georgia",13011,68830.0,12.2,600.0,2.7,238.0,-0.20269785595883918
"Barrow County, Georgia",13013,77477.0,8.6,1923.0,3.3,1498.0,-0.5153569408579927
"Bartow County, Georgia",13015,79431.0,7.4,2135.0,4.6,2580.0,-0.4499917591296055
"Ben Hill County, Georgia",13017,39081.0,20.1,944.0,5.0,360.0,1.188964465786317
"Berrien County, Georgia",13019,50414.0,17.9,868.0,4.2,334.0,0.7209820063128637
"Bibb County, Georgia",13021,50747.0,18.9,6789.0,7.5,5221.0,1.2337997881396308
"Bleckley County, Georgia",13023,53005.0,17.4,545.0,7.4,392.0,1.0810014060092918
"Brantley County, Georgia",13025,47801.0,11.1,473.0,2.8,212.0,0.14390791383354828
"Brooks County, Georgia",13027,47656.0,19.6,724.0,6.5,460.0,1.1997140864364837
"Bryan County, Georgia",13029,94234.0,6.1,765.0,5.6,1250.0,-0.6786483619866117
"Bulloch County, Georgia",13031,56832.0,11.5,1966.0,7.9,3179.0,0.7001347544078399
"Burke County, Georgia",13033,50739.0,20.0,1169.0,5.8,633.0,1.069561372176736
"Butts County, Georgia",13035,59221.0,8.1,538.0,5.0,551.0,0.037188060766757826
"Calhoun County, Georgia",13037,55714.0,17.7,178.0,7.4,122.0,1.0482306065744609
"Camden County, Georgia",13039,72399.0,12.4,1859.0,4.7,1067.0,0.017657519429354066
"Candler County, Georgia",13043,50431.0,13.4,371.0,4.0,191.0,0.40587927481150676
"Carroll County, Georgia",13045,72327.0,12.4,3847.0,6.1,3729.0,0.21222977180714428
"Catoosa County, Georgia",13047,72425.0,7.1,1333.0,3.9,1326.0,-0.43146831451406104
"Charlton County, Georgia",13049,48534.0,19.8,528.0,10.1,544.0,1.6924318488348031
"Chatham County, Georgia",13051,69575.0,9.8,7048.0,5.7,8611.0,0.04384692156022144
"Chattahoochee County, Georgia",13053,59221.0,11.2,162.0,7.9,108.0,0.6352061177839903
"Chattooga County, Georgia",13055,47785.0,15.8,949.0,4.8,476.0,0.7201452095303577
"Cherokee County, Georgia",13057,105442.0,4.8,3590.0,3.2,4806.0,-1.3075910267844641
"Clarke County, Georgia",13059,52267.0,12.4,3122.0,5.1,3494.0,0.4586703898431026
"Clay County, Georgia",13061,48715.0,15.7,110.0,4.4,52.0,0.6407428711443435
"Clayton County, Georgia",13063,58507.0,13.3,9269.0,6.7,10101.0,0.617312307424534
"Clinch County, Georgia",13065,55549.0,15.1,265.0,3.4,92.0,0.3334892744116562
"Cobb County, Georgia",13067,98712.0,5.5,10678.0,4.5,19668.0,-0.9545504032671079
"Coffee County, Georgia",13069,50175.0,17.0,1770.0,4.9,864.0,0.7647228746020572
"Colquitt County, Georgia",13071,49691.0,18.8,2147.0,4.1,862.0,0.7784739170433529
"Columbia County, Georgia",13073,96122.0,5.3,2040.0,4.8,3692.0,-0.876280041061119
"Cook County, Georgia",13075,50133.0,17.0,749.0,4.4,351.0,0.696530479156697
"Coweta County, Georgia",13077,94142.0,5.5,2257.0,2.8,2138.0,-1.1015605024068738
"Crawford County, Georgia",13079,60905.0,8.0,243.0,4.1,229.0,-0.12566143004827882
"Crisp County, Georgia",13081,42745.0,19.7,1049.0,8.7,780.0,1.6037996348678656
"Dade County, Georgia",13083,58936.0,6.7,294.0,4.5,335.0,-0.11569169088443333
"Dawson County, Georgia",13085,88986.0,7.8,624.0,4.4,649.0,-0.6351783184024699
"Decatur County, Georgia",13087,50485.0,20.8,1421.0,6.9,821.0,1.2772770148560024
"DeKalb County, Georgia",13089,77683.0,9.5,15542.0,6.4,26350.0,-0.034085948725205394
"Dodge County, Georgia",13091,50152.0,13.2,603.0,3.4,262.0,0.31566588423945513
"Dooly County, Georgia",13093,56545.0,13.7,361.0,5.7,246.0,0.5424449462324795
"Dougherty County, Georgia",13095,46784.0,21.4,4296.0,10.8,3909.0,1.9246732704624903
"Douglas County, Georgia",13097,80764.0,9.0,3321.0,6.1,4648.0,-0.1664381029191515
"Early County, Georgia",13099,53750.0,16.2,443.0,6.8,304.0,0.9073464674305555
"Echols County, Georgia",13101,61723.0,8.7,82.0,3.6,66.0,-0.16566295898925928
"Effingham County, Georgia",13103,85465.0,5.4,979.0,5.8,1945.0,-0.5276701184270309
"Elbert County, Georgia",13105,49727.0,13.4,694.0,6.4,587.0,0.7505579336582865
"Emanuel County, Georgia",13107,50053.0,20.8,1149.0,9.7,986.0,1.6719408286709985
"Evans County, Georgia",13109,53908.0,14.7,386.0,5.5,253.0,0.6291995399521277
"Fannin County, Georgia",13111,58073.0,8.4,650.0,4.2,465.0,-0.03206183015366079
"Fayette County, Georgia",13113,108986.0,3.7,1265.0,3.7,2137.0,-1.376710968179608
"Floyd County, Georgia",13115,62540.0,12.9,3267.0,4.3,1978.0,0.18330886663876958
"Forsyth County, Georgia",13117,138000.0,3.0,2104.0,3.4,4675.0,-2.0188135408028534
"Franklin County, Georgia",13119,52264.0,15.4,929.0,5.0,521.0,0.6363804377621226
"Fulton County, Georgia",13121,91490.0,9.0,21381.0,5.4,32429.0,-0.46859024940371113
"Gilmer County, Georgia",13123,72542.0,10.6,958.0,1.8,254.0,-0.5001384884270711
"Glascock County, Georgia",13125,55250.0,6.5,46.0,1.1,13.0,-0.5269972720801754
"Glynn County, Georgia",13127,68546.0,11.7,2675.0,4.6,1774.0,0.03302584681760851
"Gordon County, Georgia",13129,61997.0,9.0,1358.0,3.6,1009.0,-0.1517687668974353
"Grady County, Georgia",13131,54312.0,14.0,962.0,2.8,339.0,0.20419964795330128
"Greene County, Georgia",13133,84530.0,6.3,348.0,5.1,424.0,-0.5489121365920794
"Gwinnett County, Georgia",13135,84823.0,8.4,20066.0,4.1,20730.0,-0.5585054465186459
"Habersham County, Georgia",13137,65622.0,9.4,1060.0,2.3,486.0,-0.37510526779855136
"Hall County, Georgia",13139,77430.0,9.2,4834.0,3.9,4083.0,-0.393369063851903
"Hancock County, Georgia",13141,33182.0,21.7,383.0,5.9,142.0,1.5283173514244848
"Haralson County, Georgia",13143,65016.0,9.5,777.0,5.3,772.0,0.056873780248216675
"Harris County, Georgia",13145,89184.0,6.2,610.0,5.8,969.0,-0.547888159096125
"Hart County, Georgia",13147,57241.0,9.0,640.0,3.8,441.0,-0.03302459247353379
"Heard County, Georgia",13149,62907.0,14.8,447.0,5.2,254.0,0.4217236531048121
"Henry County, Georgia",13151,81612.0,7.6,4697.0,5.6,7182.0,-0.34103096972422375
"Houston County, Georgia",13153,80743.0,8.0,3516.0,5.0,4013.0,-0.3816470396209093
"Irwin County, Georgia",13155,53915.0,16.8,443.0,3.6,160.0,0.5008920801200972
"Jackson County, Georgia",13157,85012.0,5.3,1125.0,3.4,1368.0,-0.8565574535000767
"Jasper County, Georgia",13159,59574.0,9.9,425.0,7.2,517.0,0.448882379353277
"Jeff Davis County, Georgia",13161,40879.0,23.3,811.0,4.9,297.0,1.3449231354199531
"Jefferson County, Georgia",13163,46561.0,15.6,640.0,5.0,336.0,0.7584377233026197
"Jenkins County, Georgia",13165,36906.0,20.7,401.0,5.0,160.0,1.2689371505560352
"Johnson County, Georgia",13167,54183.0,14.8,298.0,7.1,240.0,0.8511024431590669
"Jones County, Georgia",13169,68259.0,9.5,710.0,3.7,493.0,-0.22606728245912258
"Lamar County, Georgia",13171,68457.0,6.2,279.0,3.5,308.0,-0.4680579407689991
"Lanier County, Georgia",13173,44361.0,21.9,565.0,3.4,137.0,0.981856998475927
"Laurens County, Georgia",13175,49705.0,19.2,2394.0,5.7,1230.0,1.024523895490683
"Lee County, Georgia",13177,88024.0,4.6,425.0,3.6,621.0,-0.9313534461522098
"Liberty County, Georgia",13179,59013.0,12.6,2010.0,8.0,2057.0,0.7423360175993636
"Lincoln County, Georgia",13181,50688.0,11.9,259.0,3.8,125.0,0.2776291331469265
"Long County, Georgia",13183,64747.0,10.8,459.0,5.4,383.0,0.15879096658343733
"Lowndes County, Georgia",13185,55887.0,15.2,4287.0,5.7,3053.0,0.6507810413183165
"Lumpkin County, Georgia",13187,72388.0,8.9,693.0,5.6,908.0,-0.0812972262594417
"McDuffie County, Georgia",13189,54058.0,15.3,875.0,3.7,358.0,0.4162250417681171
"McIntosh County, Georgia",13191,50348.0,13.7,444.0,3.2,143.0,0.3162194389317913
"Macon County, Georgia",13193,37177.0,23.1,540.0,8.6,348.0,1.91368576700661
"Madison County, Georgia",13195,58784.0,14.6,1152.0,4.7,655.0,0.41897716599854135
"Marion County, Georgia",13197,50484.0,12.5,264.0,4.1,131.0,0.3612274233511852
"Meriwether County, Georgia",13199,56458.0,13.7,778.0,6.3,541.0,0.6269089911306743
"Miller County, Georgia",13201,58407.0,21.5,346.0,5.4,145.0,0.9631379397497241
"Mitchell County, Georgia",13205,51908.0,21.3,1078.0,6.6,562.0,1.2405165543064822
"Monroe County, Georgia",13207,82863.0,7.2,540.0,4.0,572.0,-0.6113237466443334
"Montgomery County, Georgia",13209,51188.0,12.0,251.0,6.1,231.0,0.5918162887076656
"Morgan County, Georgia",13211,85692.0,6.2,366.0,2.9,299.0,-0.8811508459132235
"Murray County, Georgia",13213,67880.0,10.2,1183.0,5.0,1002.0,0.005261077737582063
"Muscogee County, Georgia",13215,56622.0,15.0,7315.0,6.5,5775.0,0.7343275085458427
"Newton County, Georgia",13217,73732.0,9.5,2870.0,6.6,3850.0,0.0692309903069271
"Oconee County, Georgia",13219,115925.0,4.1,497.0,3.0,650.0,-1.580761098179307
"Oglethorpe County, Georgia",13221,69784.0,8.0,301.0,3.3,246.0,-0.40621663327246155
"Paulding County, Georgia",13223,94557.0,4.7,2198.0,4.5,4011.0,-0.925976741938621
"Peach County, Georgia",13225,68365.0,13.0,876.0,6.7,896.0,0.409245756339663
"Pickens County, Georgia",13227,75293.0,9.1,872.0,3.8,626.0,-0.37259621679874105
"Pierce County, Georgia",13229,56691.0,8.0,422.0,4.0,366.0,-0.058702665455831006
"Pike County, Georgia",13231,84184.0,7.2,357.0,4.4,402.0,-0.5814419083543351
"Polk County, Georgia",13233,55308.0,17.6,1957.0,5.8,1095.0,0.8288382224188529
"Pulaski County, Georgia",13235,47688.0,16.7,343.0,5.2,197.0,0.834637583446837
"Putnam County, Georgia",13237,64163.0,13.6,889.0,4.4,437.0,0.21067685592585006
"Quitman County, Georgia",13239,36838.0,8.9,44.0,31.1,237.0,4.118854514604926
"Rabun County, Georgia",13241,61466.0,8.3,397.0,2.1,151.0,-0.3932565614810692
"Randolph County, Georgia",13243,25425.0,19.4,300.0,10.3,278.0,2.137370890716408
"Richmond County, Georgia",13245,53197.0,17.5,7683.0,7.9,7429.0,1.1527008951213051
"Rockdale County, Georgia",13247,72349.0,8.1,1914.0,5.8,2749.0,-0.10400477236515754
"Schley County, Georgia",13249,59647.0,10.0,119.0,4.1,81.0,0.026081894586833094
"Screven County, Georgia",13251,53017.0,10.5,344.0,5.7,339.0,0.4058410005538326
"Seminole County, Georgia",13253,49559.0,12.9,320.0,5.0,183.0,0.5286764364878497
"Spalding County, Georgia",13255,60217.0,13.4,2326.0,5.4,1681.0,0.41153017750972176
"Stephens County, Georgia",13257,52264.0,7.5,514.0,5.2,620.0,0.15982238529594825
"Stewart County, Georgia",13259,35000.0,22.2,233.0,4.7,71.0,1.3597918747560909
"Sumter County, Georgia",13261,41877.0,17.8,1160.0,4.8,642.0,0.9610023783539487
"Talbot County, Georgia",13263,45098.0,17.3,272.0,3.8,94.0,0.7293710141440962
"Taliaferro County, Georgia",13265,48036.0,22.0,97.0,4.6,33.0,1.0834035562071025
"Tattnall County, Georgia",13267,52351.0,16.7,816.0,6.9,638.0,0.979865405702833
"Taylor County, Georgia",13269,41743.0,18.8,367.0,7.2,236.0,1.3585747427049537
"Telfair County, Georgia",13271,44948.0,19.0,414.0,5.0,171.0,1.0063286361488768
"Terrell County, Georgia",13273,43812.0,25.7,585.0,8.1,281.0,1.8834586358595165
"Thomas County, Georgia",13275,60140.0,13.8,1619.0,6.5,1459.0,0.590326809622495
"Tift County, Georgia",13277,53165.0,16.3,1681.0,3.3,597.0,0.44195823497691733
"Toombs County, Georgia",13279,54130.0,15.5,994.0,3.9,458.0,0.4552075999800702
"Towns County, Georgia",13281,58400.0,8.6,334.0,3.5,170.0,-0.12216129060114332
"Treutlen County, Georgia",13283,43750.0,14.5,211.0,8.1,215.0,1.1698926346509932
"Troup County, Georgia",13285,54905.0,14.1,2472.0,5.5,1830.0,0.571802362376824
"Turner County, Georgia",13287,39565.0,16.6,345.0,11.6,443.0,1.867092567040035
"Twiggs County, Georgia",13289,55439.0,14.2,273.0,4.0,116.0,0.36095849324801493
"Union County, Georgia",13291,65697.0,7.3,557.0,3.6,363.0,-0.3311660315268786
"Upson County, Georgia",13293,50904.0,16.3,1076.0,2.7,317.0,0.4024918903270123
"Walker County, Georgia",13295,55887.0,9.7,1734.0,5.0,1623.0,0.20318946966476206
"Walton County, Georgia",13297,82381.0,8.3,2199.0,5.4,2719.0,-0.3386950727444858
"Ware County, Georgia",13299,44833.0,18.9,1458.0,4.8,670.0,0.9745518752440875
"Warren County, Georgia",13301,46776.0,20.4,267.0,7.7,165.0,1.4332260195495898
"Washington County, Georgia",13303,44009.0,11.9,582.0,4.8,395.0,0.5436218655960733
"Wayne County, Georgia",13305,49562.0,17.7,1344.0,6.7,824.0,1.0695329680927284
"Webster County, Georgia",13307,40764.0,23.2,118.0,5.6,64.0,1.4373415049449088
"Wheeler County, Georgia",13309,45262.0,17.0,164.0,6.5,196.0,1.079668264146979
"White County, Georgia",13311,69747.0,8.9,682.0,3.3,442.0,-0.34807195115658035
"Whitfield County, Georgia",13313,64262.0,9.9,2597.0,5.4,2733.0,0.11065003213774667
"Wilcox County, Georgia",13315,48036.0,17.1,285.0,6.3,190.0,1.005289401843459
"Wilkes County, Georgia",13317,52542.0,13.1,317.0,2.4,96.0,0.12548696158518538
"Wilkinson County, Georgia",13319,46673.0,15.4,314.0,5.3,198.0,0.7849262345414538
"Worth County, Georgia",13321,57201.0,14.7,773.0,6.4,584.0,0.6902867372823756
"Hawaii County, Hawaii",15001,77215.0,10.8,5211.0,6.2,5842.0,0.030246550046015803
"Honolulu County, Hawaii",15003,104264.0,6.1,14032.0,4.8,23328.0,-0.981261637180889
"Kalawao County, Hawaii",15005,86250.0,0.0,0.0,0.0,0.0,-1.6876963120877948
"Kauai County, Hawaii",15007,93612.0,6.5,1073.0,3.9,1448.0,-0.8757920542754701
"Maui County, Hawaii",15009,95076.0,6.8,2613.0,5.6,4760.0,-0.6501125386660187
"Ada County, Idaho",16001,88907.0,5.5,7194.0,3.1,8378.0,-0.9598371848815419
"Adams County, Idaho",16003,59286.0,11.2,134.0,6.6,125.0,0.4545674742158101
"Bannock County, Idaho",16005,64080.0,7.6,1599.0,4.6,1965.0,-0.14303762009869014
"Bear Lake County, Idaho",16007,67304.0,5.6,92.0,2.6,75.0,-0.6084470735041059
"Benewah County, Idaho",16009,56553.0,10.8,294.0,3.9,166.0,0.10883109098125963
"Bingham County, Idaho",16011,76842.0,7.3,895.0,5.8,1361.0,-0.241163696959674
"Blaine County, Idaho",16013,84470.0,5.1,320.0,2.6,360.0,-0.9693295595751747
"Boise County, Idaho",16015,77349.0,4.2,102.0,3.0,108.0,-0.8350985786969473
"Bonner County, Idaho",16017,65168.0,7.5,990.0,3.9,826.0,-0.26686628957027086
"Bonneville County, Idaho",16019,76646.0,6.4,1917.0,3.8,2324.0,-0.5708322834651137
"Boundary County, Idaho",16021,62438.0,16.4,557.0,3.3,167.0,0.2706297156260447
"Butte County, Idaho",16023,43281.0,19.1,111.0,4.4,47.0,0.9618604503656926
"Camas County, Idaho",16025,55536.0,2.5,5.0,0.0,0.0,-0.9395416529780857
"Canyon County, Idaho",16027,72355.0,7.3,4447.0,3.4,3980.0,-0.4863606428640032
"Caribou County, Idaho",16029,66653.0,7.4,123.0,2.9,99.0,-0.4397015500760302
"Cassia County, Idaho",16031,67042.0,6.8,423.0,2.5,306.0,-0.5406446887168991
"Clark County, Idaho",16033,52083.0,9.1,12.0,1.9,7.0,-0.18998328635517092
"Clearwater County, Idaho",16035,57961.0,8.0,181.0,3.5,122.0,-0.1520385799496394
"Custer County, Idaho",16037,56957.0,4.9,61.0,2.1,41.0,-0.5238238282796126
"Elmore County, Idaho",16039,58976.0,8.2,565.0,6.6,720.0,0.26905638310875263
"Franklin County, Idaho",16041,65991.0,5.4,202.0,1.8,120.0,-0.706443529284727
"Fremont County, Idaho",16043,72767.0,6.7,229.0,4.6,289.0,-0.3669532166727096
"Gem County, Idaho",16045,66245.0,6.9,372.0,2.8,259.0,-0.4775906568539893
"Gooding County, Idaho",16047,62395.0,9.5,345.0,5.0,382.0,0.06570494873249602
"Idaho County, Idaho",16049,60975.0,7.8,353.0,3.7,261.0,-0.19496423212808148
"Jefferson County, Idaho",16051,82952.0,7.4,595.0,2.5,376.0,-0.8072577829038777
"Jerome County, Idaho",16053,69338.0,12.6,795.0,3.8,447.0,-0.03511232037300366
"Kootenai County, Idaho",16055,77034.0,6.0,2847.0,3.3,2804.0,-0.6727922491715231
"Latah County, Idaho",16057,65179.0,8.0,734.0,6.1,1293.0,0.06841966910135651
"Lemhi County, Idaho",16059,52057.0,9.4,175.0,3.4,121.0,0.03665207005645229
"Lewis County, Idaho",16061,49643.0,12.3,118.0,3.5,48.0,0.2817843511520209
"Lincoln County, Idaho",16063,66038.0,5.5,73.0,5.7,155.0,-0.16278361752973608
"Madison County, Idaho",16065,58259.0,13.3,1274.0,8.8,2642.0,0.9118536834506576
"Minidoka County, Idaho",16067,70060.0,10.6,607.0,3.0,314.0,-0.2869792690850877
"Nez Perce County, Idaho",16069,71466.0,8.8,968.0,2.9,596.0,-0.4425948966532849
"Oneida County, Idaho",16071,72563.0,9.7,135.0,1.5,35.0,-0.5993749190717886
"Owyhee County, Idaho",16073,59773.0,7.9,236.0,2.1,114.0,-0.3863383916964967
"Payette County, Idaho",16075,65723.0,7.3,489.0,3.3,384.0,-0.37306267929354636
"Power County, Idaho",16077,59760.0,6.5,136.0,5.9,231.0,0.0489459101494229
"Shoshone County, Idaho",16079,49975.0,10.1,312.0,5.1,305.0,0.3558150136670177
"Teton County, Idaho",16081,90740.0,6.7,187.0,1.5,105.0,-1.139175824697644
"Twin Falls County, Idaho",16083,65338.0,8.0,1881.0,3.2,1424.0,-0.3348117586043735
"Valley County, Idaho",16085,76125.0,6.2,168.0,2.9,154.0,-0.6978062980957658
"Washington County, Idaho",16087,53608.0,11.1,316.0,4.7,193.0,0.29481073186569845
"Adams County, Illinois",17001,64962.0,8.1,1335.0,3.6,1212.0,-0.26602642445070707
"Alexander County, Illinois",17003,43523.0,13.3,137.0,9.4,183.0,1.2770550839439123
"Bond County, Illinois",17005,61603.0,11.1,417.0,4.3,330.0,0.08639457691766354
"Boone County, Illinois",17007,81638.0,7.6,1056.0,7.8,2170.0,-0.03794114407493354
"Brown County, Illinois",17009,72288.0,5.2,63.0,2.2,50.0,-0.7846865540137152
"Bureau County, Illinois",17011,65894.0,8.9,797.0,5.0,836.0,-0.039641226296479655
"Calhoun County, Illinois",17013,92095.0,5.4,51.0,3.7,72.0,-0.9445178500683956
"Carroll County, Illinois",17015,60871.0,8.2,313.0,4.3,300.0,-0.08464745947417969
"Cass County, Illinois",17017,64907.0,8.6,289.0,4.9,295.0,-0.053670754549375144
"Champaign County, Illinois",17019,63091.0,7.8,3367.0,4.5,4703.0,-0.12512015080762476
"Christian County, Illinois",17021,59253.0,8.3,633.0,4.7,731.0,0.007939894998216093
"Clark County, Illinois",17023,70625.0,7.8,353.0,4.0,290.0,-0.3385010373437196
"Clay County, Illinois",17025,57266.0,10.9,364.0,5.9,352.0,0.3775378807402245
"Clinton County, Illinois",17027,82314.0,5.7,549.0,3.3,614.0,-0.793124783332769
"Coles County, Illinois",17029,56040.0,11.4,1333.0,6.8,1655.0,0.5571370722164458
"Cook County, Illinois",17031,81797.0,9.8,118183.0,6.9,191304.0,-0.024785249409062755
"Crawford County, Illinois",17033,67614.0,7.6,367.0,4.0,337.0,-0.29356089530176394
"Cumberland County, Illinois",17035,69826.0,5.5,154.0,2.4,131.0,-0.6907600079841679
"DeKalb County, Illinois",17037,69022.0,10.9,2587.0,7.1,3977.0,0.3178362584573554
"De Witt County, Illinois",17039,64802.0,4.8,195.0,4.8,377.0,-0.3079638498585126
"Douglas County, Illinois",17041,74186.0,6.3,343.0,3.1,311.0,-0.6266661316075067
"DuPage County, Illinois",17043,110502.0,4.6,11122.0,4.8,24539.0,-1.1965343452929007
"Edgar County, Illinois",17045,56909.0,8.3,400.0,4.4,346.0,0.011462561366321539
"Edwards County, Illinois",17047,59386.0,10.5,178.0,6.1,175.0,0.3389816161635207
"Effingham County, Illinois",17049,75380.0,7.2,673.0,2.2,388.0,-0.716307793296858
"Fayette County, Illinois",17051,57113.0,11.1,559.0,3.4,314.0,0.04824700786561131
"Ford County, Illinois",17053,60782.0,7.7,278.0,5.4,354.0,0.03694353963351582
"Franklin County, Illinois",17055,53471.0,12.3,1231.0,6.5,1102.0,0.6224073030031064
"Fulton County, Illinois",17057,58617.0,9.3,805.0,6.6,1019.0,0.34613542698487193
"Gallatin County, Illinois",17059,54626.0,10.5,135.0,7.3,169.0,0.595797037024075
"Greene County, Illinois",17061,60976.0,9.6,282.0,4.2,234.0,-0.011114893280683666
"Grundy County, Illinois",17063,93060.0,4.7,656.0,4.5,1272.0,-0.8972878333902009
"Hamilton County, Illinois",17065,61520.0,9.0,192.0,5.4,195.0,0.1057628495917113
"Hancock County, Illinois",17067,65044.0,11.6,557.0,4.4,376.0,0.06615846016365354
"Hardin County, Illinois",17069,57155.0,5.1,48.0,3.3,42.0,-0.3492613784147706
"Henderson County, Illinois",17071,65651.0,10.2,185.0,8.6,258.0,0.544758751864329
"Henry County, Illinois",17073,69912.0,5.0,664.0,4.0,980.0,-0.5035254610175784
"Iroquois County, Illinois",17075,62439.0,9.2,661.0,4.8,614.0,0.018117601680957468
"Jackson County, Illinois",17077,45572.0,12.1,1353.0,7.2,1791.0,0.857618597471054
"Jasper County, Illinois",17079,71094.0,5.5,143.0,3.7,180.0,-0.5356673330833518
"Jefferson County, Illinois",17081,61102.0,11.4,1104.0,6.6,1129.0,0.43252863191691526
"Jersey County, Illinois",17083,79104.0,6.4,340.0,4.4,461.0,-0.5351412995259894
"Jo Daviess County, Illinois",17085,74954.0,5.0,336.0,3.0,334.0,-0.7381462874588672
"Johnson County, Illinois",17087,65203.0,13.1,346.0,2.4,115.0,-0.11715183008585377
"Kane County, Illinois",17089,100678.0,6.1,8095.0,5.0,14051.0,-0.8849396558108628
"Kankakee County, Illinois",17091,68325.0,8.7,2268.0,5.1,2667.0,-0.08519356941975731
"Kendall County, Illinois",17093,110474.0,3.8,1326.0,3.6,2717.0,-1.4126451234547945
"Knox County, Illinois",17095,53291.0,10.5,1211.0,4.5,983.0,0.23499648400070108
"Lake County, Illinois",17097,108917.0,5.4,9987.0,5.1,19095.0,-1.0737067339745117
"La Salle County, Illinois",17099,72281.0,10.0,2911.0,5.7,3145.0,0.004751881126327295
"Lawrence County, Illinois",17101,53438.0,10.4,324.0,7.9,514.0,0.6949792067122287
"Lee County, Illinois",17103,68459.0,7.3,609.0,3.6,576.0,-0.3840977385480784
"Livingston County, Illinois",17105,70796.0,7.3,705.0,3.6,623.0,-0.4288846318531268
"Logan County, Illinois",17107,64188.0,11.2,783.0,4.4,571.0,0.05703613799429979
"McDonough County, Illinois",17109,50434.0,11.4,660.0,8.6,1222.0,0.912962217058863
"McHenry County, Illinois",17111,102836.0,4.1,3463.0,4.7,8137.0,-1.095329198066563
"McLean County, Illinois",17113,78329.0,6.7,2677.0,3.0,2691.0,-0.6943362158688838
"Macon County, Illinois",17115,62449.0,9.7,2440.0,7.1,3361.0,0.3672221835567906
"Macoupin County, Illinois",17117,68518.0,10.9,1239.0,4.4,914.0,-0.04509034197790195
"Madison County, Illinois",17119,74800.0,7.6,5288.0,4.7,6411.0,-0.3346791094847387
"Marion County, Illinois",17121,60839.0,11.0,1043.0,6.4,1140.0,0.38444298120680803
"Marshall County, Illinois",17123,69818.0,8.3,271.0,4.7,251.0,-0.19453059185152155
"Mason County, Illinois",17125,62127.0,10.1,347.0,6.1,365.0,0.2609254235541758
"Massac County, Illinois",17127,62584.0,9.2,332.0,3.4,210.0,-0.17785364222925407
"Menard County, Illinois",17129,81334.0,6.3,234.0,3.9,229.0,-0.6532566446862814
"Mercer County, Illinois",17131,71710.0,5.6,250.0,3.1,233.0,-0.623887541722944
"Monroe County, Illinois",17133,101635.0,3.7,359.0,2.1,404.0,-1.456625780277755
"Montgomery County, Illinois",17135,61863.0,8.2,551.0,5.8,705.0,0.10333347114851953
"Morgan County, Illinois",17137,65175.0,7.0,536.0,5.6,851.0,-0.06431830652921743
"Moultrie County, Illinois",17139,71676.0,8.0,322.0,2.6,176.0,-0.5390716400664787
"Ogle County, Illinois",17141,79244.0,5.9,799.0,5.4,1396.0,-0.4317383766278704
"Peoria County, Illinois",17143,64938.0,10.1,4428.0,6.5,5718.0,0.262252503168726
"Perry County, Illinois",17145,59286.0,12.7,654.0,5.1,431.0,0.3433015971927134
"Piatt County, Illinois",17147,87516.0,4.6,220.0,3.3,290.0,-0.9630163750378782
"Pike County, Illinois",17149,58029.0,11.0,380.0,4.6,312.0,0.18990431221175388
"Pope County, Illinois",17151,62500.0,7.7,66.0,3.0,42.0,-0.3271676865266225
"Pulaski County, Illinois",17153,43227.0,15.2,161.0,2.4,45.0,0.43801852381272366
"Putnam County, Illinois",17155,77526.0,5.6,95.0,3.4,97.0,-0.6939485450851137
"Randolph County, Illinois",17157,68870.0,8.7,642.0,5.1,680.0,-0.0956380952439984
"Richland County, Illinois",17159,60404.0,5.6,223.0,4.2,329.0,-0.2554222843027305
"Rock Island County, Illinois",17161,66768.0,11.1,4081.0,5.7,4019.0,0.18060356004490244
"St. Clair County, Illinois",17163,70178.0,9.5,6073.0,5.7,7061.0,0.013145666811774667
"Saline County, Illinois",17165,54945.0,13.0,826.0,5.9,619.0,0.5560345556012635
"Sangamon County, Illinois",17167,74114.0,8.3,4076.0,5.5,5298.0,-0.16646461382802916
"Schuyler County, Illinois",17169,66059.0,8.9,146.0,6.2,187.0,0.12279017679455673
"Scott County, Illinois",17171,73013.0,8.0,112.0,2.6,61.0,-0.5646942658041122
"Shelby County, Illinois",17173,68457.0,6.4,378.0,3.0,315.0,-0.5242917678486602
"Stark County, Illinois",17175,62284.0,9.6,142.0,3.1,77.0,-0.1879758035618837
"Stephenson County, Illinois",17177,61943.0,8.9,1075.0,4.7,1007.0,-0.005321581947538589
"Tazewell County, Illinois",17179,76704.0,5.7,1949.0,3.9,2523.0,-0.6028164886597419
"Union County, Illinois",17181,56420.0,12.4,528.0,5.2,368.0,0.39288064557226715
"Vermilion County, Illinois",17183,54537.0,12.2,2138.0,6.3,2040.0,0.5679975421012002
"Wabash County, Illinois",17185,53650.0,9.0,266.0,4.4,229.0,0.11859104598088281
"Warren County, Illinois",17187,64650.0,7.5,329.0,5.2,427.0,-0.07754623279405182
"Washington County, Illinois",17189,75652.0,4.4,169.0,4.1,296.0,-0.6380193007284926
"Wayne County, Illinois",17191,53107.0,10.8,475.0,3.3,243.0,0.09207440339874122
"White County, Illinois",17193,53097.0,13.1,462.0,4.0,238.0,0.3356421360714832
"Whiteside County, Illinois",17195,64536.0,8.3,1173.0,4.6,1270.0,-0.10710438949707483
"Will County, Illinois",17197,107799.0,5.2,9333.0,4.8,18332.0,-1.1064429272475873
"Williamson County, Illinois",17199,65521.0,10.1,1845.0,4.3,1361.0,-0.052508361429119764
"Winnebago County, Illinois",17201,64363.0,11.6,8390.0,7.2,10044.0,0.46559417660293584
"Woodford County, Illinois",17203,85629.0,4.8,493.0,3.0,576.0,-0.9554883113445509
"Adams County, Indiana",18001,63128.0,7.9,676.0,2.7,421.0,-0.36783775576534355
"Allen County, Indiana",18003,68839.0,9.2,8930.0,4.6,9231.0,-0.1321326286237741
"Bartholomew County, Indiana",18005,80365.0,8.8,1884.0,3.7,1578.0,-0.5027420422426029
"Benton County, Indiana",18007,61811.0,9.2,209.0,3.6,148.0,-0.13544074552636576
"Blackford County, Indiana",18009,47560.0,12.7,386.0,5.5,290.0,0.623219634434773
"Boone County, Indiana",18011,104865.0,4.2,828.0,3.0,1189.0,-1.3624225650819337
"Brown County, Indiana",18013,72644.0,7.5,369.0,3.2,242.0,-0.5067345664607322
"Carroll County, Indiana",18015,64003.0,4.9,256.0,2.9,293.0,-0.5484595860665109
"Cass County, Indiana",18017,56525.0,9.2,877.0,3.4,640.0,-0.06173734503828763
"Clark County, Indiana",18019,72298.0,6.3,2008.0,3.8,2458.0,-0.4938877818837593
"Clay County, Indiana",18021,67676.0,7.2,524.0,3.9,482.0,-0.3340754740346428
"Clinton County, Indiana",18023,63690.0,5.1,400.0,3.1,513.0,-0.502098784841103
"Crawford County, Indiana",18025,48993.0,17.7,515.0,2.6,113.0,0.5146596199364165
"Daviess County, Indiana",18027,68561.0,7.5,623.0,1.7,257.0,-0.6354787460325523
"Dearborn County, Indiana",18029,82693.0,5.3,743.0,2.3,599.0,-0.9639095653142631
"Decatur County, Indiana",18031,74228.0,6.3,448.0,2.6,362.0,-0.6964683255285298
"DeKalb County, Indiana",18033,70080.0,7.5,890.0,4.1,929.0,-0.3334022539881359
"Delaware County, Indiana",18035,56932.0,11.2,2995.0,6.2,3465.0,0.4444823243229514
"Dubois County, Indiana",18037,71918.0,5.7,651.0,2.1,480.0,-0.7594865649415842
"Elkhart County, Indiana",18039,65617.0,9.2,4439.0,3.4,3492.0,-0.23597886576122326
"Fayette County, Indiana",18041,56659.0,11.8,696.0,4.1,445.0,0.19821593451004227
"Floyd County, Indiana",18043,78179.0,6.9,1393.0,3.8,1593.0,-0.5683024366371346
"Fountain County, Indiana",18045,62526.0,9.2,426.0,4.5,368.0,-0.024948066407322552
"Franklin County, Indiana",18047,79702.0,5.1,318.0,3.2,371.0,-0.795157578193911
"Fulton County, Indiana",18049,62878.0,9.3,503.0,7.4,697.0,0.3748721543732239
"Gibson County, Indiana",18051,67763.0,6.5,567.0,2.9,475.0,-0.5184094912917475
"Grant County, Indiana",18053,54007.0,14.7,2415.0,6.7,2143.0,0.7928957847026133
"Greene County, Indiana",18055,59753.0,10.8,895.0,6.4,953.0,0.39249190818149016
"Hamilton County, Indiana",18057,117957.0,2.8,2817.0,2.8,5507.0,-1.730264347172518
"Hancock County, Indiana",18059,91326.0,2.7,617.0,2.7,1178.0,-1.2400819303230974
"Harrison County, Indiana",18061,72468.0,5.7,577.0,3.8,728.0,-0.535436110180811
"Hendricks County, Indiana",18063,99988.0,3.9,1886.0,2.5,2402.0,-1.3571009282441386
"Henry County, Indiana",18065,60144.0,9.2,1073.0,4.1,896.0,-0.034496616808293745
"Howard County, Indiana",18067,62496.0,8.5,1812.0,5.7,2259.0,0.09654823224700333
"Huntington County, Indiana",18069,62734.0,6.0,590.0,3.2,592.0,-0.41254268189412935
"Jackson County, Indiana",18071,70208.0,7.7,921.0,3.1,715.0,-0.46108640199961765
"Jasper County, Indiana",18073,79634.0,5.3,455.0,3.9,639.0,-0.6844947278393282
"Jay County, Indiana",18075,54114.0,8.8,447.0,3.8,351.0,0.01413860460624202
"Jefferson County, Indiana",18077,59987.0,9.3,736.0,4.1,636.0,-0.025106092998444324
"Jennings County, Indiana",18079,68476.0,8.4,633.0,4.3,588.0,-0.217628246720839
"Johnson County, Indiana",18081,87227.0,5.4,2325.0,3.0,2551.0,-0.9478224081066885
"Knox County, Indiana",18083,58863.0,9.6,884.0,2.5,459.0,-0.20521159783358753
"Kosciusko County, Indiana",18085,73922.0,6.6,1412.0,2.9,1201.0,-0.6300604814376902
"LaGrange County, Indiana",18087,83741.0,5.6,561.0,3.4,646.0,-0.8130544680165969
"Lake County, Indiana",18089,68985.0,11.2,14074.0,6.3,15386.0,0.2272948662695388
"LaPorte County, Indiana",18091,70452.0,9.7,2712.0,4.4,2301.0,-0.1587348410744647
"Lawrence County, Indiana",18093,65551.0,7.8,922.0,3.4,769.0,-0.32405829732648667
"Madison County, Indiana",18095,62632.0,9.5,3187.0,5.7,3647.0,0.15775922987548693
"Marion County, Indiana",18097,63450.0,11.1,24213.0,5.1,26290.0,0.16139384621375485
"Marshall County, Indiana",18099,68041.0,6.9,807.0,2.8,640.0,-0.5120096814050662
"Martin County, Indiana",18101,65345.0,9.6,229.0,2.1,104.0,-0.38463221595212366
"Miami County, Indiana",18103,61130.0,11.3,996.0,6.5,1049.0,0.41181083968662424
"Monroe County, Indiana",18105,63372.0,8.8,2544.0,5.5,4101.0,0.07130661738996694
"Montgomery County, Indiana",18107,66571.0,7.6,760.0,3.8,735.0,-0.30117148210222694
"Morgan County, Indiana",18109,79088.0,6.0,1210.0,3.8,1368.0,-0.6431583600718015
"Newton County, Indiana",18111,68596.0,11.3,440.0,8.7,595.0,0.5723185146343479
"Noble County, Indiana",18113,70908.0,7.8,971.0,3.1,742.0,-0.46811965549504286
"Ohio County, Indiana",18115,67942.0,7.4,126.0,1.2,35.0,-0.6989950928932792
"Orange County, Indiana",18117,64758.0,8.7,467.0,2.9,289.0,-0.3204227236128315
"Owen County, Indiana",18119,59586.0,8.9,510.0,4.6,474.0,0.02604913777221976
"Parke County, Indiana",18121,66776.0,15.9,670.0,5.2,356.0,0.4177761737059013
"Perry County, Indiana",18123,61099.0,9.4,442.0,5.1,447.0,0.09795956463473872
"Pike County, Indiana",18125,66250.0,7.4,239.0,3.1,177.0,-0.4043794323730854
"Porter County, Indiana",18127,85828.0,7.2,3256.0,4.4,3908.0,-0.6129479642351651
"Posey County, Indiana",18129,79124.0,7.6,571.0,2.3,280.0,-0.7487324169255599
"Pulaski County, Indiana",18131,59956.0,7.3,226.0,2.8,170.0,-0.3315396429154566
"Putnam County, Indiana",18133,76182.0,4.7,449.0,2.1,366.0,-0.9050203398666931
"Randolph County, Indiana",18135,61121.0,12.9,848.0,5.4,627.0,0.3622970106199528
"Ripley County, Indiana",18137,71084.0,7.5,588.0,3.2,481.0,-0.4768383090555652
"Rush County, Indiana",18139,64393.0,8.7,386.0,5.7,459.0,0.07295708427514777
"St. Joseph County, Indiana",18141,64885.0,9.8,6217.0,5.0,6870.0,0.03713112389492876
"Scott County, Indiana",18143,54583.0,9.1,533.0,3.4,387.0,-0.030902071224133243
"Shelby County, Indiana",18145,71301.0,9.4,1111.0,4.0,931.0,-0.24934834139104875
"Spencer County, Indiana",18147,70890.0,4.5,244.0,3.4,345.0,-0.6369735373271661
"Starke County, Indiana",18149,62933.0,11.3,641.0,3.4,340.0,-0.05052556177321251
"Steuben County, Indiana",18151,71483.0,6.4,583.0,7.1,1267.0,-0.01650502510548661
"Sullivan County, Indiana",18153,54985.0,10.0,507.0,5.1,473.0,0.25342029935250415
"Switzerland County, Indiana",18155,65148.0,8.7,210.0,4.1,193.0,-0.16230328072446357
"Tippecanoe County, Indiana",18157,58622.0,8.9,3561.0,2.9,2799.0,-0.19006731021564363
"Tipton County, Indiana",18159,78309.0,8.4,394.0,3.0,230.0,-0.585463455887527
"Union County, Indiana",18161,79500.0,6.0,121.0,5.1,191.0,-0.4716610721332784
"Vanderburgh County, Indiana",18163,60938.0,9.6,4451.0,4.4,4105.0,0.01721226676015476
"Vermillion County, Indiana",18165,59363.0,8.0,349.0,6.0,432.0,0.1660795903368029
"Vigo County, Indiana",18167,52525.0,13.4,3159.0,6.1,3090.0,0.6555379361947448
"Wabash County, Indiana",18169,68414.0,7.9,658.0,3.6,540.0,-0.3449449436969534
"Warren County, Indiana",18171,74635.0,9.1,216.0,4.6,204.0,-0.2495904572462756
"Warrick County, Indiana",18173,95027.0,4.3,775.0,2.9,952.0,-1.1813022258885797
"Washington County, Indiana",18175,61358.0,7.0,530.0,3.6,494.0,-0.2671574759571613
"Wayne County, Indiana",18177,56652.0,13.1,2229.0,5.3,1696.0,0.44690613104562166
"Wells County, Indiana",18179,69741.0,4.4,341.0,2.1,306.0,-0.8007284938702698
"White County, Indiana",18181,66143.0,5.5,351.0,4.8,560.0,-0.28899099605405953
"Whitley County, Indiana",18183,75790.0,8.3,800.0,4.5,803.0,-0.33657851563739954
"Adair County, Iowa",19001,66176.0,5.0,92.0,4.2,162.0,-0.40432883951244003
"Adams County, Iowa",19003,68828.0,3.6,35.0,2.9,53.0,-0.7238897165022351
"Allamakee County, Iowa",19005,66000.0,9.4,350.0,3.6,252.0,-0.202956394762736
"Appanoose County, Iowa",19007,51146.0,10.8,346.0,6.9,375.0,0.6264360538174211
"Audubon County, Iowa",19009,54152.0,7.1,109.0,1.9,52.0,-0.35726883198745635
"Benton County, Iowa",19011,84742.0,4.2,288.0,2.3,319.0,-1.0733762213793134
"Black Hawk County, Iowa",19013,64581.0,8.8,2713.0,4.8,3383.0,-0.04845919465550582
"Boone County, Iowa",19015,79741.0,3.3,240.0,1.3,191.0,-1.1729659128569419
"Bremer County, Iowa",19017,83343.0,4.1,266.0,3.6,471.0,-0.8735541786779671
"Buchanan County, Iowa",19019,78430.0,4.8,268.0,2.7,300.0,-0.8589231259366464
"Buena Vista County, Iowa",19021,66564.0,5.3,243.0,5.0,541.0,-0.28222370243019496
"Butler County, Iowa",19023,69651.0,7.8,328.0,3.4,245.0,-0.40263179435288743
"Calhoun County, Iowa",19025,66875.0,5.7,139.0,2.8,125.0,-0.566244951042643
"Carroll County, Iowa",19027,68528.0,5.9,310.0,2.1,224.0,-0.6817562302845176
"Cass County, Iowa",19029,61657.0,13.3,464.0,1.1,76.0,-0.21582483586456838
"Cedar County, Iowa",19031,79080.0,3.9,198.0,2.9,283.0,-0.9012165861980762
"Cerro Gordo County, Iowa",19033,65537.0,5.5,612.0,2.6,590.0,-0.580965546514249
"Cherokee County, Iowa",19035,64478.0,9.6,297.0,3.0,184.0,-0.24382166554143017
"Chickasaw County, Iowa",19037,73421.0,5.5,177.0,1.8,116.0,-0.8424523035088541
"Clarke County, Iowa",19039,66821.0,8.3,223.0,4.1,189.0,-0.21989203557180928
"Clay County, Iowa",19041,64082.0,6.6,265.0,4.0,340.0,-0.2896900402713069
"Clayton County, Iowa",19043,62326.0,7.7,350.0,2.6,221.0,-0.3790309397164456
"Clinton County, Iowa",19045,65177.0,9.2,1128.0,3.8,865.0,-0.17234875228500748
"Crawford County, Iowa",19047,65039.0,13.6,580.0,1.7,144.0,-0.1786964337524399
"Dallas County, Iowa",19049,102349.0,4.4,1184.0,2.9,1733.0,-1.3152412592154261
"Davis County, Iowa",19051,79505.0,5.5,133.0,3.5,147.0,-0.7244569054661545
"Decatur County, Iowa",19053,57146.0,12.0,228.0,3.2,117.0,0.07745127337849689
"Delaware County, Iowa",19055,76205.0,6.1,290.0,2.1,205.0,-0.8161168447960309
"Des Moines County, Iowa",19057,60662.0,10.4,1068.0,3.2,609.0,-0.09203803221677687
"Dickinson County, Iowa",19059,74570.0,3.1,151.0,2.4,231.0,-0.9348369045663487
"Dubuque County, Iowa",19061,75919.0,5.3,1352.0,3.8,2022.0,-0.6270989327630204
"Emmet County, Iowa",19063,65181.0,6.9,153.0,2.0,99.0,-0.5675955476553664
"Fayette County, Iowa",19065,58764.0,9.0,443.0,3.8,365.0,-0.06221177197870655
"Floyd County, Iowa",19067,64500.0,6.7,263.0,3.5,273.0,-0.36031626499591257
"Franklin County, Iowa",19069,63648.0,10.5,274.0,3.8,181.0,-0.06008404775148254
"Fremont County, Iowa",19071,73750.0,5.2,92.0,1.0,30.0,-0.9782982204369356
"Greene County, Iowa",19073,59159.0,7.2,171.0,3.2,143.0,-0.26744961971943887
"Grundy County, Iowa",19075,83617.0,4.1,140.0,2.2,142.0,-1.0719976131043751
"Guthrie County, Iowa",19077,79981.0,6.7,218.0,3.3,184.0,-0.6845972090803382
"Hamilton County, Iowa",19079,71750.0,7.7,296.0,3.9,294.0,-0.38024203109546484
"Hancock County, Iowa",19081,70212.0,8.0,251.0,2.2,124.0,-0.5662129880943365
"Hardin County, Iowa",19083,64906.0,4.9,213.0,3.7,316.0,-0.45536924818678
"Harrison County, Iowa",19085,77027.0,4.7,197.0,2.8,210.0,-0.8246179334046904
"Henry County, Iowa",19087,64604.0,8.4,419.0,2.2,213.0,-0.4332128403692133
"Howard County, Iowa",19089,67336.0,6.2,155.0,1.6,78.0,-0.708764516622055
"Humboldt County, Iowa",19091,66994.0,10.4,280.0,3.1,148.0,-0.22718563339028588
"Ida County, Iowa",19093,62841.0,6.1,110.0,1.9,70.0,-0.5876044908983757
"Iowa County, Iowa",19095,72185.0,6.0,260.0,2.4,213.0,-0.7040598461668734
"Jackson County, Iowa",19097,71605.0,6.4,351.0,4.7,461.0,-0.3500300802280307
"Jasper County, Iowa",19099,70128.0,5.2,501.0,4.9,934.0,-0.3707063447788648
"Jefferson County, Iowa",19101,56824.0,7.5,280.0,5.3,428.0,0.08623278412517488
"Johnson County, Iowa",19103,74721.0,6.1,1981.0,3.7,3255.0,-0.5668857287397742
"Jones County, Iowa",19105,73071.0,8.2,433.0,2.9,297.0,-0.511643948909577
"Keokuk County, Iowa",19107,60856.0,10.8,278.0,3.6,169.0,-0.015031129171241275
"Kossuth County, Iowa",19109,65656.0,6.0,230.0,2.1,157.0,-0.620334720029137
"Lee County, Iowa",19111,59803.0,8.4,739.0,4.0,615.0,-0.09281493091856509
"Linn County, Iowa",19113,76421.0,6.4,3759.0,3.7,4605.0,-0.5803197821990836
"Louisa County, Iowa",19115,80223.0,6.3,195.0,3.8,213.0,-0.6457646023555218
"Lucas County, Iowa",19117,67921.0,12.4,293.0,3.8,160.0,-0.02072002083350723
"Lyon County, Iowa",19119,72881.0,3.1,100.0,2.4,145.0,-0.9024684566449851
"Madison County, Iowa",19121,89542.0,3.2,138.0,2.7,244.0,-1.1739842079740035
"Mahaska County, Iowa",19123,69019.0,6.9,397.0,3.3,383.0,-0.4617550404028064
"Marion County, Iowa",19125,78059.0,4.4,403.0,1.9,323.0,-0.9877357893693031
"Marshall County, Iowa",19127,72785.0,7.7,773.0,4.0,834.0,-0.3862775890911008
"Mills County, Iowa",19129,87810.0,2.4,87.0,2.8,198.0,-1.1780461080247242
"Mitchell County, Iowa",19131,68704.0,5.0,144.0,0.9,53.0,-0.9081582528319293
"Monona County, Iowa",19133,62944.0,5.8,134.0,2.1,89.0,-0.5811246939898385
"Monroe County, Iowa",19135,72518.0,4.2,78.0,2.9,110.0,-0.7563154610154047
"Montgomery County, Iowa",19137,63190.0,9.2,270.0,2.6,127.0,-0.299862859868214
"Muscatine County, Iowa",19139,69512.0,9.7,1109.0,3.7,815.0,-0.237316642117563
"O'Brien County, Iowa",19141,68216.0,9.1,336.0,1.2,85.0,-0.5957566275767424
"Osceola County, Iowa",19143,69138.0,12.6,201.0,4.9,155.0,0.12051458144350082
"Page County, Iowa",19145,57752.0,8.3,300.0,5.7,394.0,0.17470004998328892
"Palo Alto County, Iowa",19147,68963.0,9.6,210.0,2.7,130.0,-0.37117178239120063
"Plymouth County, Iowa",19149,81600.0,4.1,293.0,1.9,256.0,-1.0747416622308146
"Pocahontas County, Iowa",19151,63423.0,4.9,88.0,5.5,195.0,-0.17855837852481407
"Polk County, Iowa",19153,81621.0,7.1,8719.0,4.4,12093.0,-0.5387056243808163
"Pottawattamie County, Iowa",19155,71446.0,7.1,1679.0,3.8,1815.0,-0.42650595550220033
"Poweshiek County, Iowa",19157,64837.0,5.8,257.0,4.9,465.0,-0.23101780226908175
"Ringgold County, Iowa",19159,69821.0,3.6,47.0,2.2,52.0,-0.8395160467531463
"Sac County, Iowa",19161,70991.0,4.1,107.0,3.4,176.0,-0.6644360635585359
"Scott County, Iowa",19163,76363.0,7.8,3488.0,3.7,3375.0,-0.48986398145546084
"Shelby County, Iowa",19165,67690.0,8.8,285.0,3.3,198.0,-0.31503278657217326
"Sioux County, Iowa",19167,84736.0,3.9,367.0,2.0,390.0,-1.1338048139891195
"Story County, Iowa",19169,69006.0,5.1,969.0,5.0,2764.0,-0.34178631143335236
"Tama County, Iowa",19171,67955.0,11.1,498.0,4.0,330.0,-0.07673522748047035
"Taylor County, Iowa",19173,67279.0,6.6,105.0,3.4,100.0,-0.43375495730416197
"Union County, Iowa",19175,56813.0,9.0,264.0,4.6,266.0,0.08557338553842626
"Van Buren County, Iowa",19177,60183.0,9.5,174.0,4.2,140.0,-0.0022993629014888828
"Wapello County, Iowa",19179,60034.0,12.6,1159.0,3.7,644.0,0.12939256613758562
"Warren County, Iowa",19181,92990.0,3.1,448.0,3.0,871.0,-1.2050459595382998
"Washington County, Iowa",19183,71339.0,6.0,360.0,2.5,306.0,-0.6740474168682021
"Wayne County, Iowa",19185,59118.0,11.2,187.0,2.0,59.0,-0.17698803991822665
"Webster County, Iowa",19187,68054.0,6.3,532.0,3.8,690.0,-0.41255463032765083
"Winnebago County, Iowa",19189,63719.0,7.9,222.0,2.8,154.0,-0.3653643789610474
"Winneshiek County, Iowa",19191,75652.0,4.7,243.0,2.3,257.0,-0.8672643601826865
"Woodbury County, Iowa",19193,70147.0,10.4,2689.0,4.3,2355.0,-0.1220170617906851
"Worth County, Iowa",19195,76875.0,4.5,95.0,3.2,132.0,-0.7792705965914205
"Wright County, Iowa",19197,64033.0,13.6,485.0,1.7,101.0,-0.1594171805796206
"Allen County, Kansas",20001,57618.0,8.9,295.0,6.9,415.0,0.38115197188757355
"Anderson County, Kansas",20003,64925.0,8.6,199.0,4.1,146.0,-0.16441138285869525
"Atchison County, Kansas",20005,62164.0,8.4,318.0,4.2,339.0,-0.11046284877195485
"Barber County, Kansas",20007,57615.0,11.3,133.0,2.3,49.0,-0.10040403515272193
"Barton County, Kansas",20009,56733.0,10.9,705.0,3.3,411.0,0.028966503001060257
"Bourbon County, Kansas",20011,67555.0,7.7,289.0,3.8,269.0,-0.31364738758679794
"Brown County, Kansas",20013,58886.0,8.3,189.0,5.4,246.0,0.11156939375192558
"Butler County, Kansas",20015,80375.0,6.5,1191.0,3.1,1023.0,-0.7325103159787066
"Chase County, Kansas",20017,54518.0,5.5,40.0,0.7,9.0,-0.631984201985033
"Chautauqua County, Kansas",20019,54592.0,13.0,113.0,6.3,91.0,0.6179973777991141
"Cherokee County, Kansas",20021,58274.0,7.4,378.0,3.6,336.0,-0.18252793957219313
"Cheyenne County, Kansas",20023,55765.0,13.6,87.0,1.8,23.0,0.012832442604403527
"Clark County, Kansas",20025,65515.0,6.5,33.0,2.1,20.0,-0.5857238892933055
"Clay County, Kansas",20027,63136.0,12.0,297.0,1.1,41.0,-0.3271313270197226
"Cloud County, Kansas",20029,57333.0,5.6,124.0,4.2,183.0,-0.19656881860319955
"Coffey County, Kansas",20031,67377.0,6.0,142.0,6.0,244.0,-0.11513752598376359
"Comanche County, Kansas",20033,49417.0,8.8,40.0,2.4,21.0,-0.08903925574254694
"Cowley County, Kansas",20035,58263.0,11.6,962.0,5.0,797.0,0.27890811215812333
"Crawford County, Kansas",20037,50311.0,14.2,1331.0,3.5,704.0,0.3902355626505265
"Decatur County, Kansas",20039,52030.0,7.4,57.0,3.7,53.0,-0.049066793944616584
"Dickinson County, Kansas",20041,67982.0,6.1,327.0,2.4,218.0,-0.6171306957792638
"Doniphan County, Kansas",20043,72833.0,10.6,199.0,1.5,57.0,-0.5471136670991038
"Douglas County, Kansas",20045,68756.0,5.6,1458.0,4.7,3261.0,-0.34648495234258764
"Edwards County, Kansas",20047,53792.0,12.7,97.0,4.7,63.0,0.3933922474615372
"Elk County, Kansas",20049,56087.0,14.3,100.0,3.5,35.0,0.2859244869829038
"Ellis County, Kansas",20051,59889.0,10.4,725.0,3.2,539.0,-0.0772240533871652
"Ellsworth County, Kansas",20053,66792.0,5.0,78.0,2.9,80.0,-0.5955269945102657
"Finney County, Kansas",20055,72437.0,9.1,841.0,5.4,1066.0,-0.09707172563999118
"Ford County, Kansas",20057,70495.0,12.5,1027.0,4.7,816.0,0.060528018679477075
"Franklin County, Kansas",20059,72142.0,7.6,540.0,2.4,333.0,-0.6011280418332313
"Geary County, Kansas",20061,57344.0,15.6,1481.0,6.0,799.0,0.6897840154895688
"Gove County, Kansas",20063,63203.0,1.2,9.0,3.5,49.0,-0.6864555690580617
"Graham County, Kansas",20065,52909.0,13.3,97.0,4.2,52.0,0.3796074038509643
"Grant County, Kansas",20067,72484.0,5.4,90.0,2.5,90.0,-0.7342809060434834
"Gray County, Kansas",20069,77885.0,5.1,81.0,2.1,62.0,-0.9121301523269398
"Greeley County, Kansas",20071,78819.0,6.9,25.0,0.1,1.0,-1.091147548535898
"Greenwood County, Kansas",20073,58276.0,12.4,204.0,2.8,80.0,0.02612475048782566
"Hamilton County, Kansas",20075,61929.0,3.1,17.0,0.8,10.0,-0.9133727412328708
"Harper County, Kansas",20077,55417.0,11.0,153.0,3.5,83.0,0.08816733079482002
"Harvey County, Kansas",20079,73269.0,4.7,427.0,4.2,727.0,-0.559406190773409
"Haskell County, Kansas",20081,69138.0,6.5,62.0,4.9,86.0,-0.26877118046417653
"Hodgeman County, Kansas",20083,63125.0,4.9,19.0,2.8,24.0,-0.545432818078959
"Jackson County, Kansas",20085,72703.0,5.0,173.0,1.8,116.0,-0.8606010284042762
"Jefferson County, Kansas",20087,77393.0,4.0,205.0,2.4,226.0,-0.9315020276932738
"Jewell County, Kansas",20089,52344.0,7.8,65.0,0.4,6.0,-0.4849395836627885
"Johnson County, Kansas",20091,107261.0,3.4,5494.0,3.2,11014.0,-1.4317951027143045
"Kearny County, Kansas",20093,74135.0,4.1,41.0,1.3,24.0,-1.0144771584598926
"Kingman County, Kansas",20095,59819.0,5.5,108.0,3.7,139.0,-0.31959021626074957
"Kiowa County, Kansas",20097,73214.0,4.3,26.0,3.4,43.0,-0.6942747627573685
"Labette County, Kansas",20099,55439.0,9.1,434.0,2.8,264.0,-0.13010343788167023
"Lane County, Kansas",20101,53042.0,6.1,25.0,0.5,4.0,-0.5930062581182142
"Leavenworth County, Kansas",20103,86906.0,6.3,1286.0,4.3,1568.0,-0.7048421078253635
"Lincoln County, Kansas",20105,53546.0,7.5,54.0,1.7,26.0,-0.3477272685078186
"Linn County, Kansas",20107,59200.0,7.6,217.0,3.7,170.0,-0.17371112479945053
"Logan County, Kansas",20109,71389.0,9.7,71.0,1.2,18.0,-0.6182744457575585
"Lyon County, Kansas",20111,59078.0,8.7,673.0,2.5,437.0,-0.26676751957646855
"McPherson County, Kansas",20113,77701.0,6.2,505.0,2.0,330.0,-0.8522043142117565
"Marion County, Kansas",20115,63438.0,6.2,186.0,3.0,178.0,-0.4408697765313356
"Marshall County, Kansas",20117,70828.0,5.3,145.0,1.8,93.0,-0.8055228253100779
"Meade County, Kansas",20119,74868.0,7.7,75.0,1.2,22.0,-0.8125816086598987
"Miami County, Kansas",20121,88000.0,4.8,457.0,2.8,495.0,-1.0285257076201682
"Mitchell County, Kansas",20123,58233.0,7.0,118.0,0.9,24.0,-0.5798545310982245
"Montgomery County, Kansas",20125,53242.0,12.0,936.0,3.9,543.0,0.2488647865181525
"Morris County, Kansas",20127,56716.0,11.3,170.0,2.0,56.0,-0.12457373541953094
"Morton County, Kansas",20129,65625.0,6.9,41.0,3.6,42.0,-0.35531313946908555
"Nemaha County, Kansas",20131,77375.0,5.0,135.0,0.9,45.0,-1.0743316169089832
"Neosho County, Kansas",20133,55704.0,11.2,449.0,4.6,350.0,0.24722470190952373
"Ness County, Kansas",20135,66107.0,7.5,61.0,1.0,15.0,-0.6850458459785845
"Norton County, Kansas",20137,50305.0,9.0,98.0,0.6,13.0,-0.3416839185983706
"Osage County, Kansas",20139,70216.0,7.3,310.0,2.5,196.0,-0.5695634049670477
"Osborne County, Kansas",20141,59408.0,8.1,74.0,1.6,29.0,-0.43557726111405143
"Ottawa County, Kansas",20143,76755.0,9.5,163.0,3.2,95.0,-0.4578841943950705
"Pawnee County, Kansas",20145,63625.0,1.9,23.0,1.2,35.0,-0.9672583089018355
"Phillips County, Kansas",20147,61235.0,11.3,137.0,3.2,74.0,-0.04558355331701872
"Pottawatomie County, Kansas",20149,87694.0,4.9,323.0,1.9,242.0,-1.140474838372519
"Pratt County, Kansas",20151,64348.0,7.1,148.0,3.7,164.0,-0.3042774432453281
"Rawlins County, Kansas",20153,65000.0,10.3,75.0,1.2,16.0,-0.4575435374587539
"Reno County, Kansas",20155,60498.0,9.1,1373.0,3.9,1192.0,-0.07526141920220035
"Republic County, Kansas",20157,53611.0,6.4,72.0,1.0,23.0,-0.515768230275586
"Rice County, Kansas",20159,63947.0,5.1,121.0,3.3,154.0,-0.4794250837326521
"Riley County, Kansas",20161,59560.0,11.8,1640.0,4.7,1723.0,0.22541714791680187
"Rooks County, Kansas",20163,61596.0,2.7,36.0,2.1,52.0,-0.7531250091636844
"Rush County, Kansas",20165,60288.0,8.4,62.0,5.1,78.0,0.049684447614260115
"Russell County, Kansas",20167,53902.0,9.2,155.0,1.9,65.0,-0.21846135525853336
"Saline County, Kansas",20169,63316.0,8.8,1165.0,3.6,1029.0,-0.18980990342238582
"Scott County, Kansas",20171,67788.0,11.1,165.0,1.1,30.0,-0.47371910395922323
"Sedgwick County, Kansas",20173,67675.0,9.6,12424.0,5.2,13890.0,-0.001501732348412434
"Seward County, Kansas",20175,62269.0,10.8,518.0,4.2,462.0,0.040686514375831456
"Shawnee County, Kansas",20177,66043.0,8.8,4010.0,4.2,3673.0,-0.15927410745889614
"Sheridan County, Kansas",20179,70000.0,9.3,54.0,0.6,8.0,-0.6999789669333101
"Sherman County, Kansas",20181,64444.0,5.5,83.0,0.4,12.0,-0.8636070986691076
"Smith County, Kansas",20183,57024.0,3.9,37.0,1.6,29.0,-0.6579224669074729
"Stafford County, Kansas",20185,63786.0,6.4,69.0,2.6,52.0,-0.4899733097878188
"Stanton County, Kansas",20187,70361.0,7.6,38.0,2.2,21.0,-0.5945953991689422
"Stevens County, Kansas",20189,61909.0,8.1,103.0,4.5,108.0,-0.0833227851376448
"Sumner County, Kansas",20191,60348.0,7.6,424.0,6.0,633.0,0.12167585157583848
"Thomas County, Kansas",20193,73575.0,4.6,90.0,0.1,6.0,-1.1374300068529741
"Trego County, Kansas",20195,73375.0,3.7,33.0,1.1,16.0,-1.0530381681889949
"Wabaunsee County, Kansas",20197,70536.0,4.7,84.0,4.0,137.0,-0.5346291653849409
"Wallace County, Kansas",20199,60263.0,9.6,37.0,1.3,9.0,-0.39763507966762807
"Washington County, Kansas",20201,62452.0,5.4,74.0,1.5,40.0,-0.6800195631735609
"Wichita County, Kansas",20203,71282.0,8.5,48.0,0.5,5.0,-0.7894008873054957
"Wilson County, Kansas",20205,57056.0,12.1,289.0,3.5,143.0,0.1269561680712443
"Woodson County, Kansas",20207,48152.0,8.7,66.0,2.5,34.0,-0.05737873213489416
"Wyandotte County, Kansas",20209,60582.0,13.5,5250.0,5.4,4467.0,0.4109169536493806
"Adair County, Kentucky",21001,50316.0,12.7,571.0,7.7,646.0,0.8739910096250206
"Allen County, Kentucky",21003,59029.0,11.2,620.0,7.5,733.0,0.5836878214103806
"Anderson County, Kentucky",21005,71747.0,8.8,587.0,2.6,294.0,-0.48937843264964337
"Ballard County, Kentucky",21007,64740.0,11.4,249.0,4.1,143.0,0.017822553090702225
"Barren County, Kentucky",21009,49171.0,16.5,1999.0,4.8,936.0,0.7382556712942773
"Bath County, Kentucky",21011,54128.0,17.0,552.0,4.0,205.0,0.5647713944783214
"Bell County, Kentucky",21013,32403.0,21.2,1264.0,10.5,838.0,2.1461127579360375
"Boone County, Kentucky",21015,94752.0,4.2,1482.0,2.8,2071.0,-1.1962132450459442
"Bourbon County, Kentucky",21017,56322.0,10.4,540.0,4.4,413.0,0.15672839626546328
"Boyd County, Kentucky",21019,60659.0,12.4,1531.0,6.6,1355.0,0.504835740466932
"Boyle County, Kentucky",21021,61635.0,10.6,839.0,5.9,812.0,0.2746639943328934
"Bracken County, Kentucky",21023,59521.0,14.7,356.0,5.5,218.0,0.5216305060962284
"Breathitt County, Kentucky",21025,41101.0,22.1,792.0,9.3,469.0,1.8712640556108908
"Breckinridge County, Kentucky",21027,53673.0,14.9,763.0,5.2,456.0,0.6050682336240858
"Bullitt County, Kentucky",21029,77640.0,7.1,1652.0,4.1,1818.0,-0.5038110520048528
"Butler County, Kentucky",21031,52003.0,11.9,371.0,4.2,214.0,0.3076259570423293
"Caldwell County, Kentucky",21033,57618.0,12.5,443.0,2.8,158.0,0.04511657234894976
"Calloway County, Kentucky",21035,51854.0,11.4,1019.0,4.4,800.0,0.3061716817743247
"Campbell County, Kentucky",21037,77271.0,6.7,1574.0,3.7,1846.0,-0.5774642082260907
"Carlisle County, Kentucky",21039,62019.0,11.3,151.0,4.2,88.0,0.07738625027651118
"Carroll County, Kentucky",21041,57753.0,17.0,473.0,6.9,324.0,0.8954852337089539
"Carter County, Kentucky",21043,50389.0,16.4,1143.0,4.1,421.0,0.6119356470389324
"Casey County, Kentucky",21045,41689.0,18.9,770.0,8.9,539.0,1.6005821488782106
"Christian County, Kentucky",21047,54190.0,13.0,2195.0,7.8,1991.0,0.8326932974107896
"Clark County, Kentucky",21049,67824.0,7.5,730.0,4.8,862.0,-0.19357145379957977
"Clay County, Kentucky",21051,39607.0,27.3,1436.0,10.2,724.0,2.3559407594781434
"Clinton County, Kentucky",21053,42168.0,14.2,342.0,5.6,233.0,0.8360788311213901
"Crittenden County, Kentucky",21055,47003.0,13.3,302.0,3.4,122.0,0.3823958966110097
"Cumberland County, Kentucky",21057,39662.0,28.6,406.0,3.0,65.0,1.444288220746925
"Daviess County, Kentucky",21059,65323.0,11.9,3168.0,4.4,2215.0,0.07995683091764046
"Edmonson County, Kentucky",21061,54512.0,12.2,428.0,6.8,350.0,0.6374739434735771
"Elliott County, Kentucky",21063,40074.0,19.2,304.0,6.7,137.0,1.3470895457988383
"Estill County, Kentucky",21065,43905.0,16.8,675.0,7.2,395.0,1.189506920188899
"Fayette County, Kentucky",21067,67631.0,9.4,7064.0,5.0,8866.0,-0.0410208900522532
"Fleming County, Kentucky",21069,49663.0,18.7,749.0,6.9,448.0,1.1590136329593481
"Floyd County, Kentucky",21071,41582.0,20.8,2089.0,7.1,888.0,1.4754954068819732
"Franklin County, Kentucky",21073,66470.0,10.5,1403.0,5.6,1456.0,0.13422465003276246
"Fulton County, Kentucky",21075,36834.0,18.9,261.0,7.3,170.0,1.4728333249317966
"Gallatin County, Kentucky",21077,62247.0,12.3,291.0,3.5,146.0,0.040237922732324405
"Garrard County, Kentucky",21079,62572.0,13.7,654.0,6.1,480.0,0.4821397413502235
"Grant County, Kentucky",21081,67940.0,9.1,561.0,4.7,578.0,-0.10748622694579496
"Graves County, Kentucky",21083,50576.0,15.6,1461.0,4.0,638.0,0.543498599653066
"Grayson County, Kentucky",21085,49893.0,12.5,773.0,5.1,587.0,0.5105480948499106
"Green County, Kentucky",21087,41087.0,16.4,491.0,8.5,404.0,1.3973778571631115
"Greenup County, Kentucky",21089,59613.0,11.2,1072.0,5.8,832.0,0.337905087228159
"Hancock County, Kentucky",21091,66836.0,14.5,364.0,3.9,160.0,0.14788907825084546
"Hardin County, Kentucky",21093,67608.0,8.1,2281.0,6.7,3420.0,0.11104815060170105
"Harlan County, Kentucky",21095,37198.0,22.2,1569.0,11.0,919.0,2.187034727651127
"Harrison County, Kentucky",21097,63205.0,12.6,646.0,2.9,253.0,-0.04177299781179333
"Hart County, Kentucky",21099,49653.0,15.0,726.0,4.5,367.0,0.5918941104903903
"Henderson County, Kentucky",21101,58239.0,13.0,1581.0,3.0,608.0,0.09272314907168788
"Henry County, Kentucky",21103,60736.0,10.3,417.0,3.9,280.0,-0.003241709262062594
"Hickman County, Kentucky",21105,63750.0,14.7,160.0,4.0,77.0,0.2335929345040563
"Hopkins County, Kentucky",21107,57610.0,12.9,1555.0,6.4,1261.0,0.5675773434155293
"Jackson County, Kentucky",21109,41410.0,16.7,574.0,5.8,264.0,1.0377476088548971
"Jefferson County, Kentucky",21111,67849.0,10.6,20402.0,4.8,19575.0,0.003783187365956106
"Jessamine County, Kentucky",21113,74886.0,8.4,1148.0,3.2,850.0,-0.49226525013098943
"Johnson County, Kentucky",21115,43014.0,16.9,1055.0,4.7,392.0,0.8679775429772728
"Kenton County, Kentucky",21117,79421.0,7.8,3287.0,3.8,3504.0,-0.5346688527399771
"Knott County, Kentucky",21119,37736.0,21.6,836.0,11.6,567.0,2.2212307025090965
"Knox County, Kentucky",21121,33153.0,31.7,2367.0,7.9,763.0,2.443035674093226
"Larue County, Kentucky",21123,67770.0,15.8,658.0,1.8,122.0,-0.07683644590357701
"Laurel County, Kentucky",21125,56999.0,17.4,2946.0,3.6,980.0,0.48007988175278093
"Lawrence County, Kentucky",21127,45584.0,18.2,759.0,6.0,339.0,1.0810808809282624
"Lee County, Kentucky",21129,34182.0,21.2,365.0,7.1,179.0,1.642837922087904
"Leslie County, Kentucky",21131,40176.0,18.0,436.0,7.4,279.0,1.365150197442248
"Letcher County, Kentucky",21133,40501.0,21.5,1199.0,5.8,432.0,1.3614911505584073
"Lewis County, Kentucky",21135,41632.0,16.6,540.0,7.6,356.0,1.2755016685126557
"Lincoln County, Kentucky",21137,50862.0,13.6,924.0,7.6,784.0,0.9071634648124607
"Livingston County, Kentucky",21139,59713.0,13.4,325.0,4.7,188.0,0.3245927558072306
"Logan County, Kentucky",21141,61535.0,8.9,664.0,4.8,604.0,0.016296898156604928
"Lyon County, Kentucky",21143,64464.0,9.4,190.0,3.5,113.0,-0.18731953871582516
"McCracken County, Kentucky",21145,62385.0,10.9,1826.0,3.1,958.0,-0.10694885516324493
"McCreary County, Kentucky",21147,37355.0,30.7,1102.0,2.3,115.0,1.5259203833055517
"McLean County, Kentucky",21149,70549.0,6.9,183.0,6.6,269.0,-0.03569422487188675
"Madison County, Kentucky",21151,62407.0,12.2,2869.0,5.3,2534.0,0.27918016697926235
"Magoffin County, Kentucky",21153,33632.0,28.2,862.0,12.4,430.0,2.831470959015377
"Marion County, Kentucky",21155,55404.0,14.1,683.0,5.5,469.0,0.562239392860684
"Marshall County, Kentucky",21157,63611.0,8.5,756.0,3.7,534.0,-0.2008091048234305
"Martin County, Kentucky",21159,46185.0,23.5,619.0,5.9,181.0,1.3939955886771633
"Mason County, Kentucky",21161,51473.0,13.8,606.0,4.8,365.0,0.5218327147064279
"Meade County, Kentucky",21163,70163.0,11.6,882.0,3.7,536.0,-0.12853963807041122
"Menifee County, Kentucky",21165,44672.0,21.7,353.0,4.9,117.0,1.1701253277085055
"Mercer County, Kentucky",21167,63115.0,7.2,412.0,2.9,301.0,-0.38466183902604695
"Metcalfe County, Kentucky",21169,48572.0,16.5,474.0,5.4,240.0,0.8325318211869887
"Monroe County, Kentucky",21171,49430.0,19.9,616.0,4.2,215.0,0.8674743216345037
"Montgomery County, Kentucky",21173,57468.0,11.7,892.0,4.1,527.0,0.1763303082462384
"Morgan County, Kentucky",21175,47493.0,14.0,465.0,3.9,179.0,0.48667483679852436
"Muhlenberg County, Kentucky",21177,52672.0,12.9,1036.0,4.1,523.0,0.3448229411207424
"Nelson County, Kentucky",21179,67888.0,7.5,993.0,3.1,705.0,-0.42938876884674565
"Nicholas County, Kentucky",21181,53616.0,16.1,294.0,7.2,233.0,0.9587305812293773
"Ohio County, Kentucky",21183,54369.0,9.4,603.0,5.2,530.0,0.2407345443000789
"Oldham County, Kentucky",21185,121491.0,2.7,488.0,3.3,1153.0,-1.735375307874336
"Owen County, Kentucky",21187,59706.0,12.9,381.0,5.2,280.0,0.36181553135456807
"Owsley County, Kentucky",21189,31064.0,24.0,223.0,11.3,157.0,2.4608579301513385
"Pendleton County, Kentucky",21191,66601.0,9.2,336.0,4.9,345.0,-0.047844620997984665
"Perry County, Kentucky",21193,45261.0,22.8,1763.0,5.9,620.0,1.3670312352970984
"Pike County, Kentucky",21195,42179.0,19.3,3115.0,6.2,1258.0,1.244133201688004
"Powell County, Kentucky",21197,39811.0,16.3,513.0,7.1,375.0,1.2222573036644309
"Pulaski County, Kentucky",21199,50943.0,16.5,2840.0,5.2,1477.0,0.7594944249113714
"Robertson County, Kentucky",21201,52337.0,19.2,103.0,8.6,65.0,1.374267852415758
"Rockcastle County, Kentucky",21203,48367.0,19.6,875.0,6.1,385.0,1.1308904564494984
"Rowan County, Kentucky",21205,53657.0,16.1,878.0,4.3,508.0,0.557760537096602
"Russell County, Kentucky",21207,50520.0,17.8,825.0,6.0,462.0,0.9609591210084422
"Scott County, Kentucky",21209,83660.0,8.3,1291.0,4.0,1207.0,-0.5563985960761458
"Shelby County, Kentucky",21211,82671.0,5.6,738.0,2.8,715.0,-0.8753454553392929
"Simpson County, Kentucky",21213,57392.0,10.6,520.0,3.9,370.0,0.07998880288866815
"Spencer County, Kentucky",21215,98333.0,3.1,174.0,5.9,602.0,-0.907256331988486
"Taylor County, Kentucky",21217,61871.0,9.7,619.0,5.0,652.0,0.08851049254135175
"Todd County, Kentucky",21219,57759.0,13.2,399.0,3.4,182.0,0.16988330085413053
"Trigg County, Kentucky",21221,54630.0,16.1,617.0,4.1,240.0,0.5115147868802308
"Trimble County, Kentucky",21223,67813.0,7.3,164.0,7.8,311.0,0.20785965363928083
"Union County, Kentucky",21225,60989.0,10.6,375.0,3.1,177.0,-0.09934073904442949
"Warren County, Kentucky",21227,64801.0,10.7,3498.0,4.5,3297.0,0.027179231903286753
"Washington County, Kentucky",21229,59762.0,8.1,239.0,4.2,245.0,-0.08357547948032011
"Wayne County, Kentucky",21231,41933.0,17.0,892.0,4.9,372.0,0.9226747678926901
"Webster County, Kentucky",21233,58786.0,11.2,401.0,5.4,308.0,0.29855610075985783
"Whitley County, Kentucky",21235,41719.0,19.2,1744.0,5.2,742.0,1.1085724416008664
"Wolfe County, Kentucky",21237,29052.0,32.6,555.0,15.8,282.0,3.6692211955975083
"Woodford County, Kentucky",21239,80006.0,5.9,434.0,3.5,499.0,-0.7085312683103684
"Acadia Parish, Louisiana",22001,45266.0,19.7,2799.0,7.8,1913.0,1.431291385900668
"Allen Parish, Louisiana",22003,51138.0,17.7,919.0,13.7,1200.0,2.0052922079711646
"Ascension Parish, Louisiana",22005,92266.0,7.9,2742.0,4.5,3009.0,-0.6778559232851871
"Assumption Parish, Louisiana",22007,52546.0,7.7,436.0,4.9,462.0,0.12578315263555276
"Avoyelles Parish, Louisiana",22009,39439.0,22.5,1973.0,6.8,1027.0,1.5836555300990367
"Beauregard Parish, Louisiana",22011,64995.0,11.5,1091.0,7.5,1158.0,0.4884990025084794
"Bienville Parish, Louisiana",22013,34992.0,24.3,732.0,6.3,294.0,1.7147529417199128
"Bossier Parish, Louisiana",22015,66336.0,11.2,3602.0,5.6,3195.0,0.18146479849915242
"Caddo Parish, Louisiana",22017,50067.0,17.4,9713.0,8.4,8678.0,1.2753006134887397
"Calcasieu Parish, Louisiana",22019,67849.0,12.9,6484.0,5.5,5373.0,0.2471592773630241
"Caldwell Parish, Louisiana",22021,44957.0,16.2,375.0,9.9,377.0,1.5036410991866218
"Cameron Parish, Louisiana",22023,72500.0,4.5,77.0,0.9,21.0,-1.012814481526662
"Catahoula Parish, Louisiana",22025,47753.0,21.8,487.0,6.3,191.0,1.310654378248002
"Claiborne Parish, Louisiana",22027,31784.0,24.0,656.0,4.9,204.0,1.5638942855579474
"Concordia Parish, Louisiana",22029,37349.0,27.1,1140.0,11.7,732.0,2.593442092091411
"De Soto Parish, Louisiana",22031,46077.0,17.0,1194.0,6.1,664.0,1.0088515503329827
"East Baton Rouge Parish, Louisiana",22033,63075.0,13.3,13704.0,7.6,17535.0,0.6539650636063278
"East Carroll Parish, Louisiana",22035,28321.0,29.9,465.0,12.6,275.0,3.0693407765692022
"East Feliciana Parish, Louisiana",22037,72899.0,7.8,329.0,6.0,441.0,-0.10609140305925462
"Evangeline Parish, Louisiana",22039,42273.0,19.3,1545.0,10.9,1448.0,1.8909063305586677
"Franklin Parish, Louisiana",22041,44103.0,19.0,984.0,9.8,743.0,1.6848964712019816
"Grant Parish, Louisiana",22043,61112.0,12.2,606.0,4.5,373.0,0.1936022219859581
"Iberia Parish, Louisiana",22045,57811.0,17.1,3237.0,6.1,1849.0,0.7903597684987025
"Iberville Parish, Louisiana",22047,57459.0,11.6,823.0,6.1,787.0,0.44611023158534624
"Jackson Parish, Louisiana",22049,43345.0,19.6,728.0,5.8,307.0,1.1857350313631405
"Jefferson Parish, Louisiana",22051,65246.0,12.8,13823.0,5.9,12843.0,0.345859967785793
"Jefferson Davis Parish, Louisiana",22053,56500.0,15.8,1259.0,4.7,652.0,0.5393291587436992
"Lafayette Parish, Louisiana",22055,67660.0,12.6,7878.0,5.0,6258.0,0.1626388278447782
"LaFourche Parish, Louisiana",22057,63439.0,13.5,3493.0,5.5,2411.0,0.36996410014591463
"La Salle Parish, Louisiana",22059,67077.0,11.3,406.0,7.6,508.0,0.44963498876622965
"Lincoln Parish, Louisiana",22061,38035.0,20.0,2014.0,4.1,891.0,1.0784334254303227
"Livingston Parish, Louisiana",22063,78617.0,10.4,3870.0,4.1,2810.0,-0.3119373259599654
"Madison Parish, Louisiana",22065,37267.0,27.9,532.0,5.1,159.0,1.735303142627931
"Morehouse Parish, Louisiana",22067,36981.0,23.5,1434.0,9.9,1008.0,2.122361864833182
"Natchitoches Parish, Louisiana",22069,46798.0,15.0,1212.0,6.2,973.0,0.881198896318211
"Orleans Parish, Louisiana",22071,55339.0,16.3,12013.0,7.8,14808.0,1.0212707694340817
"Ouachita Parish, Louisiana",22073,51241.0,18.8,7176.0,6.6,4855.0,1.0937557757298177
"Plaquemines Parish, Louisiana",22075,82874.0,10.2,623.0,4.5,481.0,-0.35108524485142745
"Pointe Coupee Parish, Louisiana",22077,59351.0,12.8,597.0,8.4,765.0,0.8038197985116612
"Rapides Parish, Louisiana",22079,55946.0,15.0,4727.0,4.9,2813.0,0.5264912104352021
"Red River Parish, Louisiana",22081,44539.0,14.9,293.0,3.2,92.0,0.5041254748520864
"Richland Parish, Louisiana",22083,52960.0,18.6,933.0,8.4,700.0,1.2964391930373913
"Sabine Parish, Louisiana",22085,52047.0,16.5,939.0,6.5,534.0,0.9177300396932436
"St. Bernard Parish, Louisiana",22087,57638.0,18.5,1920.0,7.4,1479.0,1.0624124261888763
"St. Charles Parish, Louisiana",22089,82172.0,7.5,1040.0,6.3,1646.0,-0.261548480807273
"St. Helena Parish, Louisiana",22091,50193.0,23.5,536.0,21.3,1044.0,3.4423018805092656
"St. James Parish, Louisiana",22093,64536.0,7.0,376.0,5.4,503.0,-0.0796712574269159
"St. John the Baptist Parish, Louisiana",22095,67418.0,8.2,844.0,9.0,1820.0,0.4384586507839563
"St. Landry Parish, Louisiana",22097,45637.0,20.1,4177.0,5.6,1834.0,1.146120281234175
"St. Martin Parish, Louisiana",22099,53394.0,11.4,1476.0,5.1,1217.0,0.37325492227697404
"St. Mary Parish, Louisiana",22101,51768.0,18.6,2297.0,5.4,1123.0,0.9052992318786002
"St. Tammany Parish, Louisiana",22103,79277.0,9.5,6881.0,4.8,6352.0,-0.2854251342138778
"Tangipahoa Parish, Louisiana",22105,57256.0,13.7,4484.0,5.3,3279.0,0.47362131624549425
"Tensas Parish, Louisiana",22107,36074.0,24.7,216.0,13.3,184.0,2.685506264983713
"Terrebonne Parish, Louisiana",22109,64819.0,13.2,3828.0,4.7,2302.0,0.21397653800448002
"Union Parish, Louisiana",22111,45743.0,23.5,1263.0,5.8,474.0,1.3886667360053224
"Vermilion Parish, Louisiana",22113,57537.0,15.9,2466.0,5.2,1298.0,0.5948348417612469
"Vernon Parish, Louisiana",22115,58281.0,14.4,1755.0,6.2,1042.0,0.6228452090309954
"Washington Parish, Louisiana",22117,42776.0,20.1,2273.0,10.8,1954.0,1.9185211154497415
"Webster Parish, Louisiana",22119,37396.0,21.2,2011.0,5.4,737.0,1.3466531642033814
"West Baton Rouge Parish, Louisiana",22121,87320.0,9.9,696.0,6.6,912.0,-0.1656461421920448
"West Carroll Parish, Louisiana",22123,48514.0,10.3,257.0,3.8,150.0,0.2171845100102431
"West Feliciana Parish, Louisiana",22125,74277.0,8.3,233.0,6.0,351.0,-0.10059109475832621
"Winn Parish, Louisiana",22127,46368.0,13.9,435.0,4.3,216.0,0.5570507397566541
"Androscoggin County, Maine",23001,67298.0,8.0,2273.0,4.2,2493.0,-0.23437913367012342
"Aroostook County, Maine",23003,54254.0,8.4,1496.0,5.4,1629.0,0.20672001492595624
"Cumberland County, Maine",23005,92983.0,3.4,2617.0,3.2,5566.0,-1.1581676903867557
"Franklin County, Maine",23007,58522.0,5.2,360.0,5.3,792.0,-0.09308801964489515
"Hancock County, Maine",23009,69630.0,6.0,876.0,3.7,1079.0,-0.47570217635583045
"Kennebec County, Maine",23011,65062.0,7.3,2394.0,4.1,2566.0,-0.2499994269383787
"Knox County, Maine",23013,71903.0,4.1,425.0,3.9,787.0,-0.6129165808968265
"Lincoln County, Maine",23015,72026.0,5.0,488.0,3.5,607.0,-0.613036017338285
"Oxford County, Maine",23017,57933.0,9.5,1405.0,4.8,1339.0,0.12361699274502432
"Penobscot County, Maine",23019,63248.0,8.0,3041.0,4.1,3175.0,-0.17056330895873176
"Piscataquis County, Maine",23021,55234.0,11.9,632.0,4.1,314.0,0.23190674959537358
"Sagadahoc County, Maine",23023,82080.0,9.2,992.0,4.6,906.0,-0.3858866954839138
"Somerset County, Maine",23025,56199.0,10.7,1476.0,3.9,920.0,0.10923350789835919
"Waldo County, Maine",23027,68441.0,7.3,805.0,4.4,876.0,-0.27335711023875836
"Washington County, Maine",23029,52237.0,12.5,1056.0,6.6,907.0,0.6726189357214648
"York County, Maine",23031,82904.0,5.2,2982.0,3.5,4092.0,-0.8087414523330931
"Allegany County, Maryland",24001,57393.0,11.2,1759.0,5.9,1609.0,0.3942492201644583
"Anne Arundel County, Maryland",24003,120324.0,3.7,5722.0,4.0,12479.0,-1.5525970570490424
"Baltimore County, Maryland",24005,90904.0,6.9,14460.0,5.0,22608.0,-0.6465742341928286
"Calvert County, Maryland",24009,132059.0,2.4,592.0,2.9,1446.0,-2.0122463246786246
"Caroline County, Maryland",24011,66368.0,9.4,774.0,5.4,899.0,0.03838141563194505
"Carroll County, Maryland",24013,115876.0,3.7,1702.0,3.2,3019.0,-1.5777500664022879
"Cecil County, Maryland",24015,91146.0,7.8,2225.0,4.6,2385.0,-0.6489742184748094
"Charles County, Maryland",24017,120592.0,4.5,1980.0,5.2,4693.0,-1.341085703103328
"Dorchester County, Maryland",24019,60495.0,9.5,777.0,4.8,746.0,0.07451813923730755
"Frederick County, Maryland",24021,120458.0,4.5,3311.0,3.4,5294.0,-1.5869079521087845
"Garrett County, Maryland",24023,69031.0,7.6,628.0,4.6,659.0,-0.23791990882496095
"Harford County, Maryland",24025,111317.0,4.6,3309.0,3.8,5365.0,-1.3501478127267268
"Howard County, Maryland",24027,146982.0,3.3,2894.0,3.6,6553.0,-2.1442028728148013
"Kent County, Maryland",24029,74402.0,6.2,312.0,2.8,274.0,-0.6785857240137485
"Montgomery County, Maryland",24031,128733.0,4.9,13039.0,4.8,28204.0,-1.526772905909145
"Prince Georges County, Maryland",24033,100708.0,6.6,14571.0,6.4,33983.0,-0.6604134897161226
"Queen Annes County, Maryland",24035,113347.0,3.4,489.0,3.7,1032.0,-1.4794315404463998
"St. Marys County, Maryland",24037,114580.0,5.6,1684.0,3.8,2279.0,-1.3488634797815495
"Somerset County, Maryland",24039,52462.0,15.7,804.0,5.7,561.0,0.7483273267455383
"Talbot County, Maryland",24041,84378.0,7.3,731.0,3.8,663.0,-0.6615747960804784
"Washington County, Maryland",24043,74157.0,8.6,3419.0,4.9,3636.0,-0.2309402295479623
"Wicomico County, Maryland",24045,72861.0,8.1,2069.0,6.4,3521.0,-0.031020123739843936
"Worcester County, Maryland",24047,81455.0,5.2,798.0,6.4,1724.0,-0.38078811946539776
"Baltimore City, Maryland",24510,59623.0,15.3,18062.0,6.6,19141.0,0.7097602019179647
"Barnstable County, Massachusetts",25001,94452.0,4.1,2643.0,4.6,5492.0,-0.9484554377179953
"Berkshire County, Massachusetts",25003,72565.0,7.0,2263.0,5.6,3780.0,-0.205942243852413
"Bristol County, Massachusetts",25005,84198.0,9.0,13496.0,5.6,17275.0,-0.3012454924288457
"Dukes County, Massachusetts",25007,102348.0,1.9,87.0,6.7,789.0,-0.9503860003997325
"Essex County, Massachusetts",25009,99431.0,6.7,13751.0,5.1,22621.0,-0.808951952407067
"Franklin County, Massachusetts",25011,72584.0,7.5,1366.0,6.2,2366.0,-0.09160094230753786
"Hampden County, Massachusetts",25013,70535.0,11.0,12560.0,6.0,13781.0,0.14342840712660054
"Hampshire County, Massachusetts",25015,86391.0,4.8,1739.0,5.1,4265.0,-0.6803028455615164
"Middlesex County, Massachusetts",25017,126779.0,4.7,18692.0,4.2,39746.0,-1.5848861483057763
"Nantucket County, Massachusetts",25019,119750.0,1.7,56.0,5.3,455.0,-1.4898384773243523
"Norfolk County, Massachusetts",25021,126497.0,4.2,7780.0,4.9,20280.0,-1.514794281304123
"Plymouth County, Massachusetts",25023,109698.0,4.6,6489.0,5.1,14847.0,-1.139727897358784
"Suffolk County, Massachusetts",25025,92859.0,11.6,17818.0,6.2,29162.0,-0.21850538136450018
"Worcester County, Massachusetts",25027,93561.0,7.0,15286.0,5.3,25023.0,-0.6497135825077696
"Alcona County, Michigan",26001,53568.0,9.0,284.0,5.0,191.0,0.2029592695412407
"Alger County, Michigan",26003,59406.0,5.6,125.0,6.3,197.0,0.05349229239895407
"Allegan County, Michigan",26005,80255.0,6.3,2094.0,3.0,1791.0,-0.7567735304107855
"Alpena County, Michigan",26007,51909.0,11.5,868.0,7.1,914.0,0.6840847721491166
"Antrim County, Michigan",26009,71421.0,5.3,398.0,4.1,457.0,-0.49949968043487364
"Arenac County, Michigan",26011,56989.0,8.8,347.0,6.3,419.0,0.3040278087658823
"Baraga County, Michigan",26013,55117.0,8.1,161.0,6.4,201.0,0.30903063997636476
"Barry County, Michigan",26015,77873.0,5.3,866.0,5.2,1595.0,-0.4713534864768125
"Bay County, Michigan",26017,60523.0,9.5,2585.0,4.6,2304.0,0.04638262187214328
"Benzie County, Michigan",26019,72603.0,6.1,308.0,4.1,347.0,-0.47109797428543637
"Berrien County, Michigan",26021,63152.0,10.9,4440.0,6.5,4847.0,0.34753375545825055
"Branch County, Michigan",26023,61958.0,9.1,978.0,5.2,1049.0,0.07615171632567212
"Calhoun County, Michigan",26025,60385.0,9.6,3096.0,6.8,4276.0,0.35899712120425464
"Cass County, Michigan",26027,68011.0,10.5,1500.0,4.6,1153.0,-0.03330207565500693
"Charlevoix County, Michigan",26029,76495.0,5.1,407.0,3.8,492.0,-0.6509010184853817
"Cheboygan County, Michigan",26031,61619.0,8.9,613.0,7.0,797.0,0.31827519628698503
"Chippewa County, Michigan",26033,60631.0,9.8,821.0,6.1,1004.0,0.27044996642973285
"Clare County, Michigan",26035,49805.0,15.8,1197.0,8.5,1014.0,1.1920133696997977
"Clinton County, Michigan",26037,85928.0,4.9,1037.0,3.7,1534.0,-0.8582404809889744
"Crawford County, Michigan",26039,58614.0,11.0,405.0,7.2,395.0,0.5374791480374125
"Delta County, Michigan",26041,54829.0,9.5,946.0,5.1,808.0,0.22450125608419488
"Dickinson County, Michigan",26043,61882.0,7.2,521.0,4.1,501.0,-0.1954387898757647
"Eaton County, Michigan",26045,78025.0,5.0,1436.0,4.4,2513.0,-0.6038073280454617
"Emmet County, Michigan",26047,73724.0,6.0,580.0,3.6,617.0,-0.5679601467134651
"Genesee County, Michigan",26049,60673.0,10.9,11413.0,8.3,15690.0,0.6434322356173617
"Gladwin County, Michigan",26051,55576.0,8.5,606.0,6.2,638.0,0.2981622584967055
"Gogebic County, Michigan",26053,49672.0,8.6,324.0,6.9,437.0,0.514286040572956
"Grand Traverse County, Michigan",26055,79486.0,5.4,1332.0,3.6,1828.0,-0.7166750592475005
"Gratiot County, Michigan",26057,61128.0,8.8,857.0,4.7,853.0,0.0039155623181393005
"Hillsdale County, Michigan",26059,60869.0,10.1,1168.0,4.5,947.0,0.06424272916777064
"Houghton County, Michigan",26061,56573.0,9.1,719.0,5.7,1020.0,0.24834859185939254
"Huron County, Michigan",26063,56963.0,7.8,641.0,4.6,658.0,0.006117939782131598
"Ingham County, Michigan",26065,64354.0,9.0,5529.0,6.3,9523.0,0.17564644573540245
"Ionia County, Michigan",26067,73436.0,7.5,1154.0,4.9,1575.0,-0.28732186445127345
"Iosco County, Michigan",26069,47777.0,11.1,707.0,7.3,732.0,0.7653435084038905
"Iron County, Michigan",26071,53614.0,10.6,324.0,4.7,221.0,0.26278707725146794
"Isabella County, Michigan",26073,53759.0,14.1,1925.0,6.8,2306.0,0.7731575791853794
"Jackson County, Michigan",26075,65004.0,8.3,3212.0,5.8,4282.0,0.04952024052103484
"Kalamazoo County, Michigan",26077,70525.0,7.7,4880.0,5.6,7887.0,-0.12217500140253033
"Kalkaska County, Michigan",26079,60365.0,9.2,431.0,4.3,346.0,-0.011133002067415751
"Kent County, Michigan",26081,80390.0,6.9,11500.0,4.2,14918.0,-0.5554767964821355
"Keweenaw County, Michigan",26083,53893.0,4.2,29.0,4.8,40.0,-0.13719125777617547
"Lake County, Michigan",26085,49680.0,13.7,388.0,7.6,346.0,0.9361973628789101
"Lapeer County, Michigan",26087,76228.0,7.0,1735.0,5.1,2210.0,-0.3451382506350451
"Leelanau County, Michigan",26089,91943.0,4.2,275.0,3.9,398.0,-0.9905867691460545
"Lenawee County, Michigan",26091,67013.0,8.2,2120.0,5.4,2511.0,-0.05056034257022002
"Livingston County, Michigan",26093,101315.0,2.9,1585.0,3.7,3754.0,-1.2807557420840905
"Luce County, Michigan",26095,54338.0,8.4,125.0,9.9,222.0,0.8260858685990177
"Mackinac County, Michigan",26097,58598.0,10.1,315.0,9.4,449.0,0.7839382687086472
"Macomb County, Michigan",26099,76399.0,7.3,16505.0,5.8,26522.0,-0.23267392642730922
"Manistee County, Michigan",26101,60879.0,7.4,474.0,6.2,652.0,0.1263350757672875
"Marquette County, Michigan",26103,64675.0,7.1,1171.0,4.9,1606.0,-0.14495065150021297
"Mason County, Michigan",26105,62296.0,9.5,764.0,4.6,605.0,0.012404375475116783
"Mecosta County, Michigan",26107,57774.0,10.8,1072.0,5.0,898.0,0.2372255685844676
"Menominee County, Michigan",26109,55688.0,7.4,441.0,5.6,618.0,0.14302003508990788
"Midland County, Michigan",26111,77538.0,8.2,1868.0,4.8,1931.0,-0.335061012337091
"Missaukee County, Michigan",26113,61868.0,6.1,245.0,7.2,502.0,0.16241366508654967
"Monroe County, Michigan",26115,75272.0,7.7,3139.0,5.0,3786.0,-0.29594453316487834
"Montcalm County, Michigan",26117,64892.0,8.0,1319.0,4.0,1227.0,-0.2158688237762
"Montmorency County, Michigan",26119,47803.0,12.4,341.0,6.1,211.0,0.6822142696304255
"Muskegon County, Michigan",26121,63495.0,9.3,4181.0,6.8,5691.0,0.280251047664299
"Newaygo County, Michigan",26123,61931.0,9.9,1347.0,4.4,1014.0,0.01732735047100749
"Oakland County, Michigan",26125,95296.0,4.9,16177.0,4.8,32992.0,-0.8859772912574954
"Oceana County, Michigan",26127,63624.0,8.6,619.0,5.7,687.0,0.08131267223272458
"Ogemaw County, Michigan",26129,51983.0,12.0,716.0,7.3,610.0,0.7421742032312304
"Ontonagon County, Michigan",26131,51844.0,8.4,148.0,7.6,168.0,0.5564939963694688
"Osceola County, Michigan",26133,57050.0,10.7,652.0,6.5,636.0,0.4517106485510854
"Oscoda County, Michigan",26135,50581.0,11.0,248.0,8.8,270.0,0.9122170523926689
"Otsego County, Michigan",26137,67285.0,6.5,476.0,4.5,571.0,-0.28845762840831013
"Ottawa County, Michigan",26139,87144.0,4.0,3106.0,3.6,5809.0,-0.9527792935034761
"Presque Isle County, Michigan",26141,56713.0,7.9,313.0,6.3,319.0,0.25188154239860194
"Roscommon County, Michigan",26143,54106.0,10.0,681.0,4.8,428.0,0.22886731373434688
"Saginaw County, Michigan",26145,58347.0,13.2,6274.0,6.6,5792.0,0.6001973974969167
"St. Clair County, Michigan",26147,69349.0,7.9,3506.0,6.4,5088.0,0.023521316353386574
"St. Joseph County, Michigan",26149,64707.0,8.3,1289.0,5.2,1524.0,-0.02758472563127279
"Sanilac County, Michigan",26151,59074.0,9.4,1062.0,6.1,1133.0,0.2747617958251369
"Schoolcraft County, Michigan",26153,57708.0,10.7,248.0,6.7,231.0,0.4666994783650031
"Shiawassee County, Michigan",26155,64464.0,7.8,1412.0,4.4,1436.0,-0.16523214911432357
"Tuscola County, Michigan",26157,62847.0,8.3,1166.0,6.2,1488.0,0.14605540141050197
"Van Buren County, Michigan",26159,66902.0,9.7,2035.0,4.4,1557.0,-0.09070169121014209
"Washtenaw County, Michigan",26161,87156.0,6.7,5624.0,4.4,8556.0,-0.670306780573518
"Wayne County, Michigan",26163,59521.0,15.3,63308.0,8.7,72093.0,1.0015035948792457
"Wexford County, Michigan",26165,63123.0,7.8,707.0,5.7,857.0,0.0398600998698778
"Aitkin County, Minnesota",27001,59498.0,7.6,324.0,5.8,385.0,0.11036656113486441
"Anoka County, Minnesota",27003,98764.0,4.5,4287.0,3.9,7966.0,-1.1021610368180954
"Becker County, Minnesota",27005,71117.0,6.2,566.0,4.0,680.0,-0.4500375978151309
"Beltrami County, Minnesota",27007,67257.0,9.7,1107.0,5.1,1176.0,-0.0009087936401062461
"Benton County, Minnesota",27009,71480.0,6.6,661.0,4.0,927.0,-0.4314672917350417
"Big Stone County, Minnesota",27011,65475.0,8.0,109.0,3.0,70.0,-0.365036181134386
"Blue Earth County, Minnesota",27013,72623.0,8.0,1230.0,4.2,1664.0,-0.33642885846660736
"Brown County, Minnesota",27015,68690.0,4.7,326.0,2.6,351.0,-0.6924443525684296
"Carlton County, Minnesota",27017,80042.0,6.0,553.0,4.0,711.0,-0.6338421534578387
"Carver County, Minnesota",27019,123144.0,3.1,918.0,3.1,1910.0,-1.7691258248294883
"Cass County, Minnesota",27021,64937.0,8.7,723.0,5.9,831.0,0.09013064059175076
"Chippewa County, Minnesota",27023,69192.0,8.9,278.0,4.4,270.0,-0.18564173435364362
"Chisago County, Minnesota",27025,98260.0,3.7,579.0,3.9,1211.0,-1.14355611637824
"Clay County, Minnesota",27027,77664.0,7.0,1085.0,3.9,1395.0,-0.5382516461015125
"Clearwater County, Minnesota",27029,64934.0,7.5,160.0,7.4,286.0,0.22059921182284536
"Cook County, Minnesota",27031,71643.0,5.5,87.0,2.4,73.0,-0.7255814821541606
"Cottonwood County, Minnesota",27033,68239.0,8.9,263.0,3.9,218.0,-0.23637548204508887
"Crow Wing County, Minnesota",27035,71343.0,6.5,1195.0,5.2,1704.0,-0.2696300136404113
"Dakota County, Minnesota",27037,105212.0,3.3,3793.0,3.6,8985.0,-1.3437114165238837
"Dodge County, Minnesota",27039,92943.0,3.8,220.0,3.1,355.0,-1.1456736434136365
"Douglas County, Minnesota",27041,77264.0,4.2,467.0,2.7,547.0,-0.8748679927636319
"Faribault County, Minnesota",27043,64391.0,8.4,324.0,3.8,273.0,-0.208339508391141
"Fillmore County, Minnesota",27045,75225.0,5.0,289.0,2.9,325.0,-0.757139262906275
"Freeborn County, Minnesota",27047,69012.0,5.7,450.0,3.8,579.0,-0.4692044014678254
"Goodhue County, Minnesota",27049,82749.0,6.7,841.0,3.6,898.0,-0.6962455248970274
"Grant County, Minnesota",27051,72957.0,7.3,123.0,3.1,95.0,-0.5392959087495018
"Hennepin County, Minnesota",27053,96339.0,5.6,16648.0,4.3,31494.0,-0.930290780401144
"Houston County, Minnesota",27055,77087.0,3.1,156.0,1.9,185.0,-1.0520706607167234
"Hubbard County, Minnesota",27057,70622.0,5.4,313.0,4.6,463.0,-0.40880840216355235
"Isanti County, Minnesota",27059,86573.0,5.2,545.0,4.1,930.0,-0.7962583964181084
"Itasca County, Minnesota",27061,66380.0,8.8,1076.0,5.8,1184.0,0.055058877357098045
"Jackson County, Minnesota",27063,69955.0,5.0,130.0,2.4,128.0,-0.7251408675091904
"Kanabec County, Minnesota",27065,71915.0,5.6,241.0,4.9,387.0,-0.37942595571477433
"Kandiyohi County, Minnesota",27067,75097.0,6.3,729.0,3.6,826.0,-0.57512748467823
"Kittson County, Minnesota",27069,69615.0,4.1,45.0,4.4,92.0,-0.5000714420193898
"Koochiching County, Minnesota",27071,69115.0,6.9,228.0,4.2,247.0,-0.3393996796595333
"Lac qui Parle County, Minnesota",27073,71639.0,3.9,71.0,1.8,60.0,-0.910409319531964
"Lake County, Minnesota",27075,75621.0,4.7,149.0,2.4,123.0,-0.8528708089514584
"Lake of the Woods County, Minnesota",27077,70091.0,4.2,40.0,1.8,38.0,-0.8615978319323103
"Le Sueur County, Minnesota",27079,90218.0,4.0,319.0,4.1,650.0,-0.9426929573225178
"Lincoln County, Minnesota",27081,67715.0,4.0,60.0,2.7,77.0,-0.7046318693659183
"Lyon County, Minnesota",27083,72761.0,8.7,544.0,3.4,443.0,-0.40479706227166085
"McLeod County, Minnesota",27085,78468.0,5.7,543.0,3.3,662.0,-0.7194190102684915
"Mahnomen County, Minnesota",27087,53925.0,16.6,207.0,10.2,227.0,1.3987012596590214
"Marshall County, Minnesota",27089,71701.0,3.6,86.0,3.0,135.0,-0.7651491982867796
"Martin County, Minnesota",27091,62969.0,6.5,343.0,4.4,449.0,-0.219544108523986
"Meeker County, Minnesota",27093,75037.0,5.7,349.0,2.6,310.0,-0.7502626208011595
"Mille Lacs County, Minnesota",27095,71455.0,6.9,486.0,4.4,607.0,-0.35664514789400736
"Morrison County, Minnesota",27097,68640.0,6.2,576.0,3.5,603.0,-0.471565001733836
"Mower County, Minnesota",27099,71495.0,7.9,829.0,3.7,758.0,-0.39019059313552024
"Murray County, Minnesota",27101,74475.0,4.1,97.0,2.6,110.0,-0.8416000432565157
"Nicollet County, Minnesota",27103,80362.0,4.7,383.0,1.6,312.0,-1.0541242729816787
"Nobles County, Minnesota",27105,65509.0,8.9,461.0,2.6,275.0,-0.3634499977623445
"Norman County, Minnesota",27107,69833.0,7.1,122.0,5.1,164.0,-0.21620102573966213
"Olmsted County, Minnesota",27109,93494.0,4.9,2057.0,3.6,3232.0,-1.0170367883406732
"Otter Tail County, Minnesota",27111,70912.0,5.0,814.0,5.1,1526.0,-0.3708956802819719
"Pennington County, Minnesota",27113,72561.0,6.5,226.0,2.8,211.0,-0.6241591060168421
"Pine County, Minnesota",27115,69666.0,6.2,475.0,6.0,829.0,-0.1462410668420457
"Pipestone County, Minnesota",27117,66073.0,9.5,230.0,3.0,141.0,-0.280770406113222
"Polk County, Minnesota",27119,69136.0,7.1,556.0,3.6,570.0,-0.4098354152947487
"Pope County, Minnesota",27121,72205.0,4.9,160.0,0.9,52.0,-0.9816340873872136
"Ramsey County, Minnesota",27123,81004.0,8.3,10182.0,4.7,13802.0,-0.40890208886062385
"Red Lake County, Minnesota",27125,77500.0,4.0,43.0,1.5,31.0,-1.0577477347527322
"Redwood County, Minnesota",27127,67024.0,8.3,325.0,1.9,142.0,-0.5273704784940375
"Renville County, Minnesota",27129,69086.0,6.7,251.0,2.5,180.0,-0.5861981854264601
"Rice County, Minnesota",27131,82792.0,5.9,902.0,4.6,1624.0,-0.6101288694501648
"Rock County, Minnesota",27133,70698.0,5.5,143.0,2.6,133.0,-0.6798723314296771
"Roseau County, Minnesota",27135,73611.0,8.9,356.0,4.2,341.0,-0.2979275506073264
"St. Louis County, Minnesota",27137,69455.0,6.5,3125.0,4.5,4560.0,-0.3300440890296003
"Scott County, Minnesota",27139,120247.0,2.4,998.0,3.0,2633.0,-1.7720785372356822
"Sherburne County, Minnesota",27141,102965.0,3.0,763.0,3.3,1807.0,-1.361192885515113
"Sibley County, Minnesota",27143,76082.0,4.9,184.0,3.9,312.0,-0.6419501846469314
"Stearns County, Minnesota",27145,76447.0,7.0,2628.0,4.3,3778.0,-0.45973089672541545
"Steele County, Minnesota",27147,83448.0,4.3,432.0,3.1,597.0,-0.9318002538522068
"Stevens County, Minnesota",27149,71060.0,3.4,76.0,1.5,79.0,-0.9726202544291719
"Swift County, Minnesota",27151,62601.0,6.5,175.0,4.0,188.0,-0.26768949380573065
"Todd County, Minnesota",27153,63039.0,8.4,569.0,4.5,540.0,-0.0858332060835279
"Traverse County, Minnesota",27155,65931.0,6.7,56.0,4.9,80.0,-0.19454790677194675
"Wabasha County, Minnesota",27157,80133.0,5.4,339.0,2.2,256.0,-0.9222667654765543
"Wadena County, Minnesota",27159,56882.0,8.9,336.0,5.8,406.0,0.2434628245141693
"Waseca County, Minnesota",27161,75052.0,5.2,269.0,4.0,388.0,-0.5892663287105603
"Washington County, Minnesota",27163,114457.0,3.3,2462.0,3.3,4850.0,-1.5622834469945488
"Watonwan County, Minnesota",27165,70593.0,10.2,302.0,5.5,308.0,0.022265714510377222
"Wilkin County, Minnesota",27167,69635.0,7.5,122.0,4.7,153.0,-0.24207740130080627
"Winona County, Minnesota",27169,70198.0,4.8,524.0,3.0,865.0,-0.6597644985117727
"Wright County, Minnesota",27171,106666.0,3.4,1312.0,2.1,1717.0,-1.5721864118147142
"Yellow Medicine County, Minnesota",27173,71573.0,4.9,132.0,3.4,168.0,-0.6245357968686496
"Adams County, Mississippi",28001,40250.0,21.7,1525.0,8.1,869.0,1.69645240486404
"Alcorn County, Mississippi",28003,49404.0,10.5,936.0,5.8,892.0,0.48888095821154054
"Amite County, Mississippi",28005,35385.0,24.4,811.0,6.6,273.0,1.7550014951775987
"Attala County, Mississippi",28007,48098.0,16.3,691.0,6.0,473.0,0.9116489700302428
"Benton County, Mississippi",28009,42139.0,10.3,215.0,2.7,90.0,0.1875626674494912
"Bolivar County, Mississippi",28011,37315.0,27.4,1975.0,7.5,878.0,2.033661603255189
"Calhoun County, Mississippi",28013,43942.0,13.6,487.0,3.7,210.0,0.501601297850077
"Carroll County, Mississippi",28015,55275.0,15.3,410.0,2.6,98.0,0.24110807983555183
"Chickasaw County, Mississippi",28017,43041.0,21.9,972.0,4.0,279.0,1.0899505852847444
"Choctaw County, Mississippi",28019,48321.0,12.1,282.0,8.3,276.0,0.956730074231252
"Claiborne County, Mississippi",28021,34371.0,24.9,449.0,8.7,236.0,2.096131369169188
"Clarke County, Mississippi",28023,46054.0,16.8,743.0,7.2,457.0,1.1483229091865246
"Clay County, Mississippi",28025,39904.0,20.6,1034.0,6.7,504.0,1.439691744510012
"Coahoma County, Mississippi",28027,36259.0,30.9,1587.0,10.1,840.0,2.636045685220757
"Copiah County, Mississippi",28029,47994.0,15.0,982.0,6.3,719.0,0.8720778912442212
"Covington County, Mississippi",28031,47001.0,16.7,823.0,4.7,373.0,0.7788061405824594
"DeSoto County, Mississippi",28033,82980.0,7.9,4029.0,3.7,3670.0,-0.6102922061472795
"Forrest County, Mississippi",28035,52821.0,16.5,3020.0,6.2,2440.0,0.8614985197861494
"Franklin County, Mississippi",28037,45618.0,23.3,500.0,4.3,119.0,1.1713069177981443
"George County, Mississippi",28039,54822.0,13.1,876.0,8.5,788.0,0.9235594266664169
"Greene County, Mississippi",28041,55838.0,15.0,421.0,10.6,387.0,1.3151301107208668
"Grenada County, Mississippi",28043,47998.0,15.8,814.0,4.4,411.0,0.6608653847919453
"Hancock County, Mississippi",28045,67728.0,9.4,1249.0,5.3,1190.0,-0.0014814471963775222
"Harrison County, Mississippi",28047,57233.0,14.1,7427.0,7.6,7213.0,0.8169765851492867
"Hinds County, Mississippi",28049,49966.0,16.4,8752.0,7.7,8154.0,1.1168226539389285
"Holmes County, Mississippi",28051,29434.0,34.1,1195.0,8.8,507.0,2.791664326848552
"Humphreys County, Mississippi",28053,32976.0,21.0,404.0,15.8,486.0,2.8537394886582086
"Issaquena County, Mississippi",28055,29271.0,4.0,7.0,8.2,16.0,0.7910894745108846
"Itawamba County, Mississippi",28057,59508.0,6.0,376.0,2.9,334.0,-0.39211713153156413
"Jackson County, Mississippi",28059,64756.0,10.6,3996.0,7.4,5062.0,0.42184419930456646
"Jasper County, Mississippi",28061,47157.0,13.1,527.0,4.0,255.0,0.4494778854219273
"Jefferson County, Mississippi",28063,36207.0,27.2,446.0,5.0,118.0,1.6971456707003962
"Jefferson Davis County, Mississippi",28065,37183.0,16.8,466.0,8.3,397.0,1.470123175080083
"Jones County, Mississippi",28067,51143.0,14.3,2432.0,3.6,1037.0,0.39447208477284096
"Kemper County, Mississippi",28069,43595.0,21.3,456.0,11.0,416.0,2.0070053038064875
"Lafayette County, Mississippi",28071,64334.0,10.6,1144.0,1.8,471.0,-0.3428381802337302
"Lamar County, Mississippi",28073,69106.0,11.1,1998.0,5.2,1659.0,0.06680020778909498
"Lauderdale County, Mississippi",28075,50033.0,19.3,3562.0,5.6,1728.0,1.010820290593698
"Lawrence County, Mississippi",28077,43368.0,14.7,429.0,11.7,529.0,1.6867573741842554
"Leake County, Mississippi",28079,48418.0,14.3,717.0,6.7,598.0,0.8744779409298342
"Lee County, Mississippi",28081,67144.0,10.2,2231.0,5.1,2068.0,0.03316543760383764
"Leflore County, Mississippi",28083,33188.0,26.5,1588.0,11.7,1323.0,2.634894206628833
"Lincoln County, Mississippi",28085,48316.0,17.9,1538.0,3.8,550.0,0.7059908039227465
"Lowndes County, Mississippi",28087,54460.0,14.3,2043.0,6.1,1545.0,0.6758906826676837
"Madison County, Mississippi",28089,78794.0,8.1,2349.0,4.4,2504.0,-0.42071090195008237
"Marion County, Mississippi",28091,42320.0,15.6,960.0,9.0,937.0,1.3916917395215587
"Marshall County, Mississippi",28093,51875.0,15.8,1380.0,4.9,712.0,0.6555628141162696
"Monroe County, Mississippi",28095,51231.0,12.7,1177.0,5.8,859.0,0.5942659850047081
"Montgomery County, Mississippi",28097,45057.0,18.9,433.0,4.8,190.0,0.9702590793089865
"Neshoba County, Mississippi",28099,53087.0,20.7,1458.0,8.1,1016.0,1.3866233640834835
"Newton County, Mississippi",28101,50426.0,15.0,750.0,3.5,302.0,0.4390855422943955
"Noxubee County, Mississippi",28103,38814.0,22.9,558.0,7.2,289.0,1.6763579682822851
"Oktibbeha County, Mississippi",28105,43482.0,14.3,1502.0,6.3,1496.0,0.9138749298960405
"Panola County, Mississippi",28107,43990.0,18.9,1524.0,8.8,1161.0,1.5426857102689508
"Pearl River County, Mississippi",28109,56535.0,12.4,1788.0,5.7,1434.0,0.45967404948520607
"Perry County, Mississippi",28111,50435.0,15.2,416.0,6.2,270.0,0.8242619227790536
"Pike County, Mississippi",28113,41578.0,24.4,2163.0,5.9,944.0,1.5397209735761306
"Pontotoc County, Mississippi",28115,52741.0,10.7,889.0,3.2,455.0,0.07890733259001152
"Prentiss County, Mississippi",28117,51466.0,10.9,696.0,3.5,396.0,0.15750361815191083
"Quitman County, Mississippi",28119,32131.0,24.9,414.0,11.9,289.0,2.580642014492623
"Rankin County, Mississippi",28121,77454.0,6.3,2578.0,4.2,3368.0,-0.5375009097147968
"Scott County, Mississippi",28123,48492.0,14.7,1016.0,4.4,505.0,0.5811991647942251
"Sharkey County, Mississippi",28125,35741.0,27.2,251.0,10.5,176.0,2.465046460901919
"Simpson County, Mississippi",28127,54111.0,14.8,1029.0,5.2,567.0,0.5902925506277928
"Smith County, Mississippi",28129,51396.0,17.0,614.0,4.4,237.0,0.6723260092190521
"Stone County, Mississippi",28131,59307.0,17.0,842.0,8.2,636.0,1.0450969280854892
"Sunflower County, Mississippi",28133,40265.0,23.2,1174.0,10.9,1076.0,2.1782757981028795
"Tallahatchie County, Mississippi",28135,37383.0,21.5,612.0,10.2,533.0,2.0284215300456925
"Tate County, Mississippi",28137,63995.0,14.8,1164.0,5.4,682.0,0.4284718478647414
"Tippah County, Mississippi",28139,51141.0,15.3,873.0,5.3,526.0,0.6929185532484792
"Tishomingo County, Mississippi",28141,46257.0,12.5,660.0,3.1,250.0,0.3042401929922646
"Tunica County, Mississippi",28143,38402.0,22.0,429.0,13.1,566.0,2.440986119565834
"Union County, Mississippi",28145,56807.0,10.6,735.0,3.9,489.0,0.09119989941560581
"Walthall County, Mississippi",28147,45444.0,12.7,446.0,6.0,326.0,0.7327685192906145
"Warren County, Mississippi",28149,56648.0,14.5,1576.0,5.5,1080.0,0.5639259792138808
"Washington County, Mississippi",28151,40117.0,21.6,2206.0,8.9,1588.0,1.8030151901418474
"Wayne County, Mississippi",28153,36791.0,15.2,724.0,7.9,645.0,1.320329991391713
"Webster County, Mississippi",28155,59964.0,9.6,270.0,6.8,311.0,0.36706527785013626
"Wilkinson County, Mississippi",28157,35930.0,23.4,407.0,7.5,193.0,1.8049347617654508
"Winston County, Mississippi",28159,49071.0,25.4,1105.0,7.9,566.0,1.7359296334439094
"Yalobusha County, Mississippi",28161,49171.0,15.5,494.0,6.7,347.0,0.9366280530727532
"Yazoo County, Mississippi",28163,40974.0,23.2,1298.0,9.0,847.0,1.9024986126014545
"Adair County, Missouri",29001,56583.0,8.8,441.0,4.9,553.0,0.11861607628531634
"Andrew County, Missouri",29003,74007.0,4.7,230.0,4.0,367.0,-0.6011483381114378
"Atchison County, Missouri",29005,59260.0,9.9,144.0,2.3,58.0,-0.22127352852583218
"Audrain County, Missouri",29007,56232.0,10.8,629.0,4.1,454.0,0.14258173874367638
"Barry County, Missouri",29009,56611.0,11.7,1092.0,4.1,638.0,0.19275408555151294
"Barton County, Missouri",29011,49503.0,16.8,500.0,4.1,200.0,0.6544421233107229
"Bates County, Missouri",29013,57914.0,13.5,558.0,6.1,452.0,0.5586434320757114
"Benton County, Missouri",29015,52200.0,11.9,625.0,3.9,289.0,0.2624522195216336
"Bollinger County, Missouri",29017,57286.0,7.6,198.0,4.9,249.0,0.028562790564241238
"Boone County, Missouri",29019,69913.0,7.6,3200.0,3.7,3763.0,-0.37901792324916556
"Buchanan County, Missouri",29021,59423.0,12.0,2390.0,4.5,1802.0,0.2132072023037914
"Butler County, Missouri",29023,49213.0,12.9,1292.0,4.9,907.0,0.521507814129537
"Caldwell County, Missouri",29025,62520.0,8.5,200.0,4.5,182.0,-0.06950521741427444
"Callaway County, Missouri",29027,72645.0,8.7,968.0,5.5,1177.0,-0.11278536956443602
"Camden County, Missouri",29029,62927.0,9.2,1058.0,4.8,895.0,0.008765439108059029
"Cape Girardeau County, Missouri",29031,68912.0,7.0,1388.0,2.9,1259.0,-0.5085205657178812
"Carroll County, Missouri",29033,61712.0,7.1,159.0,5.2,207.0,-0.046768549888047906
"Carter County, Missouri",29035,45083.0,12.6,155.0,2.9,64.0,0.3055218590448981
"Cass County, Missouri",29037,87413.0,4.7,1444.0,4.6,2666.0,-0.7752677555003711
"Cedar County, Missouri",29039,45577.0,9.9,341.0,2.5,141.0,0.06855006247238149
"Chariton County, Missouri",29041,63307.0,6.7,124.0,3.2,106.0,-0.37885167059790165
"Christian County, Missouri",29043,81245.0,6.1,1559.0,3.6,1639.0,-0.7057128692862268
"Clark County, Missouri",29045,51458.0,5.3,77.0,5.8,166.0,0.11766739493627996
"Clay County, Missouri",29047,86150.0,5.8,3879.0,3.9,5464.0,-0.7774604262997772
"Clinton County, Missouri",29049,70625.0,8.3,422.0,4.4,451.0,-0.25139453258834027
"Cole County, Missouri",29051,73273.0,7.9,1482.0,3.0,1155.0,-0.520860873426852
"Cooper County, Missouri",29053,67548.0,8.2,343.0,4.5,350.0,-0.18500835614853184
"Crawford County, Missouri",29055,56345.0,9.5,599.0,5.4,545.0,0.23684660326190907
"Dade County, Missouri",29057,49899.0,10.3,208.0,4.3,144.0,0.2596392941125652
"Dallas County, Missouri",29059,53177.0,17.0,837.0,4.0,273.0,0.5829966129349329
"Daviess County, Missouri",29061,60665.0,8.5,180.0,1.8,70.0,-0.4065408923659544
"DeKalb County, Missouri",29063,69093.0,5.8,135.0,2.3,99.0,-0.6713668573885956
"Dent County, Missouri",29065,54306.0,8.4,306.0,4.2,270.0,0.04012996577279087
"Douglas County, Missouri",29067,49828.0,11.6,371.0,5.3,254.0,0.48195708589918235
"Dunklin County, Missouri",29069,47368.0,14.8,1052.0,4.7,536.0,0.6505199121516795
"Franklin County, Missouri",29071,71973.0,5.4,1546.0,4.4,2295.0,-0.4622982455204063
"Gasconade County, Missouri",29073,65096.0,7.9,321.0,2.9,216.0,-0.37795411646473925
"Gentry County, Missouri",29075,57458.0,9.3,138.0,2.7,78.0,-0.16983208543338857
"Greene County, Missouri",29077,57488.0,8.7,6527.0,3.5,5396.0,-0.09830174477789581
"Grundy County, Missouri",29079,53839.0,11.1,249.0,2.8,114.0,0.028194066261497563
"Harrison County, Missouri",29081,53364.0,9.9,193.0,3.3,116.0,0.029713582418028794
"Henry County, Missouri",29083,56621.0,10.2,585.0,5.5,533.0,0.2900288609622972
"Hickory County, Missouri",29085,35084.0,12.4,233.0,12.1,347.0,1.7539321250186737
"Holt County, Missouri",29087,58516.0,4.7,52.0,2.1,42.0,-0.5664643890207427
"Howard County, Missouri",29089,62628.0,7.9,186.0,4.1,191.0,-0.16506319686869975
"Howell County, Missouri",29091,49814.0,15.9,1658.0,5.0,866.0,0.7152415623111149
"Iron County, Missouri",29093,51161.0,15.4,392.0,3.3,126.0,0.4229278229661298
"Jackson County, Missouri",29095,67178.0,9.6,16299.0,4.8,18135.0,-0.047174927113960576
"Jasper County, Missouri",29097,57525.0,12.5,3857.0,4.1,2482.0,0.22629181540901736
"Jefferson County, Missouri",29099,80522.0,5.7,3511.0,3.6,4324.0,-0.7173840390420466
"Johnson County, Missouri",29101,67123.0,6.8,882.0,4.9,1240.0,-0.21100997991054002
"Knox County, Missouri",29103,53333.0,7.1,51.0,4.1,66.0,-0.03798520024370061
"Laclede County, Missouri",29105,50825.0,11.7,1114.0,5.5,934.0,0.4968309628095116
"Lafayette County, Missouri",29107,79091.0,6.8,589.0,2.2,360.0,-0.8129533254465953
"Lawrence County, Missouri",29109,55849.0,12.0,1171.0,5.0,889.0,0.3506975892729236
"Lewis County, Missouri",29111,52340.0,8.0,150.0,6.0,274.0,0.3006702414627572
"Lincoln County, Missouri",29113,85276.0,6.9,1130.0,3.2,972.0,-0.7871079971829076
"Linn County, Missouri",29115,61975.0,13.0,406.0,2.6,152.0,-0.03407239030672723
"Livingston County, Missouri",29117,60148.0,8.4,295.0,2.8,174.0,-0.26502011046898305
"McDonald County, Missouri",29119,48145.0,14.4,852.0,7.2,744.0,0.9550888144606953
"Macon County, Missouri",29121,58318.0,8.8,334.0,3.5,240.0,-0.10782635305708484
"Madison County, Missouri",29123,58435.0,8.9,304.0,6.9,400.0,0.3654947652849956
"Maries County, Missouri",29125,61359.0,8.9,201.0,4.5,171.0,-0.02172856756144498
"Marion County, Missouri",29127,63908.0,9.6,712.0,3.5,472.0,-0.16390073834481217
"Mercer County, Missouri",29129,60357.0,8.2,66.0,2.3,35.0,-0.35078620467729477
"Miller County, Missouri",29131,55172.0,9.2,573.0,5.2,606.0,0.21258216983991432
"Mississippi County, Missouri",29133,46258.0,18.9,562.0,3.8,178.0,0.8092482045941383
"Moniteau County, Missouri",29135,65161.0,6.0,230.0,2.5,174.0,-0.5556505718367134
"Monroe County, Missouri",29137,48299.0,8.2,170.0,1.6,56.0,-0.21629967890587495
"Montgomery County, Missouri",29139,61042.0,9.9,302.0,2.8,145.0,-0.18642695864777384
"Morgan County, Missouri",29141,49663.0,12.9,683.0,3.5,284.0,0.3196914686112638
"New Madrid County, Missouri",29143,49237.0,15.3,673.0,3.4,230.0,0.4672175989007091
"Newton County, Missouri",29145,64583.0,9.0,1420.0,4.8,1346.0,-0.03573405558711029
"Nodaway County, Missouri",29147,55970.0,8.6,391.0,2.9,301.0,-0.15838887403215518
"Oregon County, Missouri",29149,44259.0,19.3,456.0,4.1,143.0,0.9144828874783765
"Osage County, Missouri",29151,75355.0,4.8,172.0,1.8,120.0,-0.9241881335965907
"Ozark County, Missouri",29153,42329.0,17.0,417.0,5.7,180.0,1.0254813894291004
"Pemiscot County, Missouri",29155,40748.0,24.4,954.0,9.7,595.0,2.080006755249341
"Perry County, Missouri",29157,63356.0,5.5,264.0,4.8,456.0,-0.2355801823436744
"Pettis County, Missouri",29159,60232.0,8.4,917.0,4.0,850.0,-0.10103640170498605
"Phelps County, Missouri",29161,55427.0,7.9,841.0,4.4,868.0,0.01433707069416946
"Pike County, Missouri",29163,57572.0,12.0,526.0,4.8,342.0,0.2900786383809912
"Platte County, Missouri",29165,95748.0,4.9,1415.0,3.5,2116.0,-1.0740325063742648
"Polk County, Missouri",29167,56686.0,11.5,959.0,3.5,494.0,0.09575654426059661
"Pulaski County, Missouri",29169,66435.0,8.8,952.0,5.0,1008.0,-0.05639082885221627
"Putnam County, Missouri",29171,56875.0,5.7,59.0,3.8,82.0,-0.23660768600211166
"Ralls County, Missouri",29173,62054.0,9.6,276.0,3.9,190.0,-0.07317235052827181
"Randolph County, Missouri",29175,55310.0,11.4,669.0,4.4,493.0,0.2399399730613391
"Ray County, Missouri",29177,72152.0,8.6,550.0,2.1,237.0,-0.5789007233011685
"Reynolds County, Missouri",29179,44357.0,15.5,233.0,10.6,286.0,1.5670637356711825
"Ripley County, Missouri",29181,43898.0,15.6,425.0,4.6,204.0,0.7542743320880921
"St. Charles County, Missouri",29183,102912.0,3.0,3307.0,2.8,6434.0,-1.4291744740172316
"St. Clair County, Missouri",29185,46731.0,12.8,310.0,2.5,97.0,0.2315047779507757
"Ste. Genevieve County, Missouri",29186,61310.0,6.4,319.0,4.6,412.0,-0.16653340455813345
"St. Francois County, Missouri",29187,54813.0,13.3,2140.0,4.9,1407.0,0.4397148509590747
"St. Louis County, Missouri",29189,81340.0,6.7,17152.0,4.2,21964.0,-0.58644631827471
"Saline County, Missouri",29195,56566.0,9.9,493.0,2.5,284.0,-0.14204607382594
"Schuyler County, Missouri",29197,56023.0,5.8,47.0,4.7,77.0,-0.08970286580316413
"Scotland County, Missouri",29199,67568.0,6.5,70.0,0.8,17.0,-0.8044610967855063
"Scott County, Missouri",29201,58847.0,10.0,993.0,3.2,571.0,-0.08278182178897979
"Shannon County, Missouri",29203,59000.0,11.6,223.0,3.0,82.0,-0.011205131771827692
"Shelby County, Missouri",29205,52127.0,12.9,198.0,1.0,28.0,-0.07251576009080418
"Stoddard County, Missouri",29207,54067.0,11.2,849.0,3.7,469.0,0.15440147748763702
"Stone County, Missouri",29209,61323.0,10.1,898.0,7.2,970.0,0.4281275429813989
"Sullivan County, Missouri",29211,55500.0,11.7,138.0,2.4,64.0,-0.020545215103940546
"Taney County, Missouri",29213,58258.0,10.2,1487.0,4.5,1228.0,0.12066236558805597
"Texas County, Missouri",29215,48055.0,13.8,872.0,4.6,455.0,0.5597372633785751
"Vernon County, Missouri",29217,54519.0,9.5,452.0,3.9,342.0,0.06484867179043373
"Warren County, Missouri",29219,77989.0,5.1,499.0,3.8,701.0,-0.6795324342310995
"Washington County, Missouri",29221,51886.0,15.2,951.0,3.8,356.0,0.4652675560594151
"Wayne County, Missouri",29223,43393.0,16.1,432.0,7.7,318.0,1.2236441832542504
"Webster County, Missouri",29225,69731.0,11.3,1152.0,4.2,734.0,-0.07040858120339195
"Worth County, Missouri",29227,46167.0,11.2,51.0,1.2,11.0,-0.039187282145743664
"Wright County, Missouri",29229,47304.0,12.6,616.0,4.1,306.0,0.42855152801732954
"St. Louis City, Missouri",29510,55279.0,13.8,8409.0,5.0,8179.0,0.4764924302181237
"Beaverhead County, Montana",30001,58072.0,8.0,185.0,2.7,128.0,-0.264561485142729
"Big Horn County, Montana",30003,56680.0,18.1,462.0,13.7,755.0,1.9246107723196124
"Blaine County, Montana",30005,65050.0,13.9,222.0,14.2,452.0,1.5651703277894036
"Broadwater County, Montana",30007,63636.0,7.0,140.0,4.3,161.0,-0.21421746491926408
"Carbon County, Montana",30009,71017.0,4.9,139.0,5.0,281.0,-0.39308912111495387
"Carter County, Montana",30011,52171.0,8.9,33.0,3.6,24.0,0.03015759241821762
"Cascade County, Montana",30013,66203.0,7.5,1600.0,3.0,1195.0,-0.41089643693229
"Chouteau County, Montana",30015,56927.0,9.9,138.0,3.2,83.0,-0.052368161861308514
"Custer County, Montana",30017,63585.0,5.6,167.0,2.7,174.0,-0.5233757034842518
"Daniels County, Montana",30019,58000.0,9.7,36.0,1.4,12.0,-0.3340851494241648
"Dawson County, Montana",30021,70953.0,3.9,95.0,3.5,155.0,-0.6626718300578661
"Deer Lodge County, Montana",30023,49533.0,12.9,293.0,4.9,230.0,0.5153752485079641
"Fallon County, Montana",30025,72284.0,10.2,71.0,0.0,0.0,-0.7691113034612286
"Fergus County, Montana",30027,59731.0,8.8,283.0,3.5,204.0,-0.134905463129842
"Flathead County, Montana",30029,71327.0,5.6,1591.0,3.0,1668.0,-0.6303470861812625
"Gallatin County, Montana",30031,87454.0,4.1,1163.0,2.3,1689.0,-1.1317314488239079
"Garfield County, Montana",30033,61750.0,12.8,33.0,0.0,0.0,-0.40130983006018545
"Glacier County, Montana",30035,45129.0,22.0,634.0,9.3,510.0,1.7876886520475785
"Golden Valley County, Montana",30037,57353.0,9.4,18.0,1.5,6.0,-0.3270316107767047
"Granite County, Montana",30039,54646.0,5.2,45.0,6.4,95.0,0.13298672974942627
"Hill County, Montana",30041,55313.0,15.1,591.0,4.2,319.0,0.44840771305067273
"Jefferson County, Montana",30043,76576.0,2.7,97.0,2.8,171.0,-0.9436095247670905
"Judith Basin County, Montana",30045,55417.0,10.7,58.0,1.5,15.0,-0.20696704934324198
"Lake County, Montana",30047,61965.0,12.0,959.0,6.4,916.0,0.42668135394355095
"Lewis and Clark County, Montana",30049,74543.0,4.4,803.0,3.5,1301.0,-0.6995628816160592
"Liberty County, Montana",30051,53264.0,18.5,77.0,0.2,2.0,0.1526758890907899
"Lincoln County, Montana",30053,47018.0,9.0,517.0,5.4,435.0,0.38368305785436113
"McCone County, Montana",30055,71842.0,3.1,15.0,2.7,25.0,-0.841158405832526
"Madison County, Montana",30057,67420.0,4.4,109.0,1.5,62.0,-0.8390449824661298
"Meagher County, Montana",30059,56215.0,16.1,93.0,0.1,1.0,-0.07083893467965437
"Mineral County, Montana",30061,61117.0,11.7,158.0,4.0,82.0,0.09260043695610344
"Missoula County, Montana",30063,71246.0,4.8,1332.0,4.5,3105.0,-0.4728567668728487
"Musselshell County, Montana",30065,59010.0,10.7,148.0,5.9,132.0,0.33135193049912254
"Park County, Montana",30067,66607.0,7.8,353.0,2.9,269.0,-0.41329305856086834
"Petroleum County, Montana",30069,59318.0,2.3,3.0,0.9,2.0,-0.9005892500918341
"Phillips County, Montana",30071,58156.0,4.2,50.0,3.4,67.0,-0.41208095552900126
"Pondera County, Montana",30073,53500.0,14.9,214.0,6.5,177.0,0.7877766180895467
"Powder River County, Montana",30075,68009.0,6.1,29.0,1.2,10.0,-0.7832416382432438
"Powell County, Montana",30077,63432.0,1.8,27.0,4.1,107.0,-0.5697570299005786
"Prairie County, Montana",30079,45192.0,21.2,59.0,1.2,6.0,0.617671258909006
"Ravalli County, Montana",30081,71323.0,4.4,569.0,3.3,703.0,-0.6654528579222602
"Richland County, Montana",30083,69578.0,6.3,176.0,3.8,226.0,-0.441760974100391
"Roosevelt County, Montana",30085,53125.0,25.4,431.0,8.4,335.0,1.7272349874088013
"Rosebud County, Montana",30087,56430.0,15.9,311.0,9.0,325.0,1.1404291255506311
"Sanders County, Montana",30089,54035.0,10.1,351.0,4.2,195.0,0.15381295691356867
"Sheridan County, Montana",30091,63654.0,6.9,59.0,2.5,44.0,-0.4693344163967324
"Silver Bow County, Montana",30093,57504.0,9.0,716.0,4.3,725.0,0.030932499839427707
"Stillwater County, Montana",30095,81503.0,6.0,157.0,3.3,153.0,-0.7584373609303
"Sweet Grass County, Montana",30097,69426.0,3.7,36.0,2.2,41.0,-0.8255644272622522
"Teton County, Montana",30099,67766.0,4.3,68.0,1.5,44.0,-0.8520575528462206
"Toole County, Montana",30101,53693.0,4.3,44.0,4.0,90.0,-0.2373723419540338
"Treasure County, Montana",30103,73036.0,6.5,16.0,1.1,5.0,-0.8678529350342155
"Valley County, Montana",30105,64515.0,7.1,131.0,3.3,120.0,-0.36267571167563967
"Wheatland County, Montana",30107,47054.0,16.6,95.0,0.9,8.0,0.24702926100736544
"Wibaux County, Montana",30109,64792.0,14.0,41.0,0.0,0.0,-0.383026726379079
"Yellowstone County, Montana",30111,74400.0,7.3,3150.0,3.4,3005.0,-0.5255515700393665
"Adams County, Nebraska",31001,65680.0,8.7,719.0,2.3,368.0,-0.42088893192981786
"Antelope County, Nebraska",31003,63750.0,6.8,115.0,1.7,55.0,-0.587951591378076
"Arthur County, Nebraska",31005,67500.0,5.6,7.0,0.0,0.0,-0.9709892022999154
"Banner County, Nebraska",31007,71250.0,6.3,13.0,3.6,12.0,-0.5014025473463852
"Blaine County, Nebraska",31009,61250.0,6.6,8.0,1.0,2.0,-0.6494006026195375
"Boone County, Nebraska",31011,71367.0,5.7,85.0,1.4,38.0,-0.8455232660684069
"Box Butte County, Nebraska",31013,68778.0,6.6,197.0,1.6,88.0,-0.7108724552472064
"Boyd County, Nebraska",31015,58984.0,5.7,28.0,2.5,21.0,-0.4564180924780876
"Brown County, Nebraska",31017,51538.0,11.1,72.0,0.8,11.0,-0.2036981327986472
"Buffalo County, Nebraska",31019,74570.0,6.2,732.0,2.8,790.0,-0.6818053209650742
"Burt County, Nebraska",31021,57303.0,9.1,163.0,2.6,84.0,-0.19342455050060806
"Butler County, Nebraska",31023,82603.0,3.9,89.0,1.2,54.0,-1.2033231027609301
"Cass County, Nebraska",31025,88255.0,2.7,201.0,2.0,286.0,-1.2778246771800346
"Cedar County, Nebraska",31027,73977.0,4.1,91.0,1.5,65.0,-0.9838502863109646
"Chase County, Nebraska",31029,62782.0,5.8,58.0,1.7,29.0,-0.6332179183904705
"Cherry County, Nebraska",31031,63750.0,2.7,40.0,0.4,13.0,-1.0289956434267473
"Cheyenne County, Nebraska",31033,57594.0,6.6,168.0,2.9,141.0,-0.3171463205969409
"Clay County, Nebraska",31035,75938.0,5.8,103.0,1.5,47.0,-0.9129419403806566
"Colfax County, Nebraska",31037,79720.0,3.8,101.0,1.5,81.0,-1.1130558763559235
"Cuming County, Nebraska",31039,70708.0,4.8,115.0,2.1,103.0,-0.7937334054008991
"Custer County, Nebraska",31041,66310.0,5.3,157.0,2.9,155.0,-0.5671446161374761
"Dakota County, Nebraska",31043,71655.0,8.9,445.0,4.3,471.0,-0.2466427843088247
"Dawes County, Nebraska",31045,54381.0,6.8,124.0,1.5,66.0,-0.4360004864122431
"Dawson County, Nebraska",31047,65383.0,8.9,562.0,1.9,237.0,-0.4576315126053185
"Deuel County, Nebraska",31049,61438.0,6.9,37.0,3.3,28.0,-0.31647072797423464
"Dixon County, Nebraska",31051,69156.0,4.7,68.0,2.3,66.0,-0.7427732780647599
"Dodge County, Nebraska",31053,71294.0,6.9,666.0,3.1,587.0,-0.5329526669919518
"Douglas County, Nebraska",31055,79081.0,7.2,10279.0,3.8,12069.0,-0.5664434045776473
"Dundy County, Nebraska",31057,56563.0,8.8,40.0,0.3,3.0,-0.515775749448698
"Fillmore County, Nebraska",31059,76354.0,5.8,87.0,0.6,19.0,-1.0451094061184458
"Franklin County, Nebraska",31061,57692.0,10.1,81.0,3.3,44.0,-0.04046590001021224
"Frontier County, Nebraska",31063,68207.0,10.3,72.0,3.8,48.0,-0.16021741119485708
"Furnas County, Nebraska",31065,60625.0,8.1,102.0,1.2,25.0,-0.5140980104901485
"Gage County, Nebraska",31067,64426.0,9.0,513.0,1.5,162.0,-0.48810741048809053
"Garden County, Nebraska",31069,44777.0,6.3,26.0,2.6,18.0,-0.13206148140059562
"Garfield County, Nebraska",31071,68611.0,8.3,45.0,1.8,18.0,-0.571583630060163
"Gosper County, Nebraska",31073,79145.0,3.8,21.0,1.9,18.0,-1.0468385867581067
"Grant County, Nebraska",31075,69063.0,6.1,10.0,2.2,8.0,-0.6654461868929158
"Greeley County, Nebraska",31077,58894.0,7.4,45.0,2.3,24.0,-0.3738027516402884
"Hall County, Nebraska",31079,67549.0,9.2,1463.0,3.3,1067.0,-0.28680368963810704
"Hamilton County, Nebraska",31081,79884.0,4.1,107.0,3.4,162.0,-0.8348638950355559
"Harlan County, Nebraska",31083,70536.0,5.0,39.0,1.6,24.0,-0.846670978458965
"Hayes County, Nebraska",31085,60313.0,9.2,21.0,0.3,1.0,-0.5621148176194428
"Hitchcock County, Nebraska",31087,52016.0,12.1,85.0,2.1,25.0,0.030351651498078613
"Holt County, Nebraska",31089,67225.0,8.3,213.0,1.4,70.0,-0.6002197909582794
"Hooker County, Nebraska",31091,45854.0,0.0,0.0,3.9,13.0,-0.37535766090561107
"Howard County, Nebraska",31093,74508.0,2.2,39.0,3.4,113.0,-0.8530897348266726
"Jefferson County, Nebraska",31095,60568.0,8.4,151.0,1.1,36.0,-0.5076599047701486
"Johnson County, Nebraska",31097,59457.0,4.2,48.0,2.0,43.0,-0.6302060927471443
"Kearney County, Nebraska",31099,79167.0,6.0,113.0,1.4,52.0,-0.975859351688947
"Keith County, Nebraska",31101,58132.0,5.9,133.0,2.0,82.0,-0.49632396359031133
"Keya Paha County, Nebraska",31103,60313.0,8.3,19.0,1.4,6.0,-0.46775637353230803
"Kimball County, Nebraska",31105,59438.0,6.4,58.0,0.2,3.0,-0.7378340888840187
"Knox County, Nebraska",31107,64821.0,7.2,157.0,3.9,158.0,-0.2793614901296735
"Lancaster County, Nebraska",31109,72625.0,6.7,5146.0,3.2,5682.0,-0.557424315791073
"Lincoln County, Nebraska",31111,64342.0,8.4,738.0,3.1,531.0,-0.30399667183680584
"Logan County, Nebraska",31113,71650.0,6.5,15.0,0.7,3.0,-0.8964890959323318
"Loup County, Nebraska",31115,60156.0,3.1,5.0,0.0,0.0,-0.9897901663289509
"McPherson County, Nebraska",31117,61316.0,2.7,4.0,0.0,0.0,-1.037547651914213
"Madison County, Nebraska",31119,64637.0,6.9,600.0,2.5,476.0,-0.4881728914155012
"Merrick County, Nebraska",31121,62849.0,4.5,93.0,0.6,25.0,-0.8692585120434563
"Morrill County, Nebraska",31123,59773.0,7.3,88.0,4.1,92.0,-0.14863961577432167
"Nance County, Nebraska",31125,65438.0,7.4,63.0,3.0,52.0,-0.4026175060449828
"Nemaha County, Nebraska",31127,60132.0,6.8,111.0,6.3,221.0,0.11615983976619336
"Nuckolls County, Nebraska",31129,70201.0,3.2,37.0,1.0,21.0,-1.0379189108754845
"Otoe County, Nebraska",31131,81430.0,8.4,349.0,2.8,239.0,-0.6728740528387055
"Pawnee County, Nebraska",31133,54926.0,8.7,56.0,1.7,19.0,-0.2975931521296687
"Perkins County, Nebraska",31135,67500.0,5.5,41.0,1.6,23.0,-0.7565795931154674
"Phelps County, Nebraska",31137,65988.0,11.9,269.0,1.2,53.0,-0.37437009298711654
"Pierce County, Nebraska",31139,75938.0,5.2,107.0,2.2,83.0,-0.8546361306347796
"Platte County, Nebraska",31141,72335.0,6.8,597.0,2.6,475.0,-0.6282816980145874
"Polk County, Nebraska",31143,71771.0,4.8,66.0,1.5,43.0,-0.896901775444891
"Red Willow County, Nebraska",31145,60000.0,9.2,226.0,1.5,79.0,-0.3905228946311821
"Richardson County, Nebraska",31147,55578.0,7.2,156.0,4.5,175.0,-0.01942941138422832
"Rock County, Nebraska",31149,57500.0,10.2,40.0,1.2,8.0,-0.320193264504908
"Saline County, Nebraska",31151,77027.0,7.2,260.0,2.7,208.0,-0.6788740472971986
"Sarpy County, Nebraska",31153,101402.0,3.8,1951.0,2.4,2557.0,-1.4043803953228668
"Saunders County, Nebraska",31155,89395.0,4.3,265.0,2.1,252.0,-1.183764742442006
"Scotts Bluff County, Nebraska",31157,60960.0,10.1,945.0,3.4,607.0,-0.08929526748388557
"Seward County, Nebraska",31159,81122.0,4.5,211.0,1.9,180.0,-1.0400542071265295
"Sheridan County, Nebraska",31161,56900.0,7.3,106.0,1.3,32.0,-0.47996552527901165
"Sherman County, Nebraska",31163,61935.0,4.6,38.0,4.6,70.0,-0.2933822802195414
"Sioux County, Nebraska",31165,54076.0,8.0,25.0,4.1,25.0,0.005211353169597033
"Stanton County, Nebraska",31167,78275.0,7.0,108.0,0.4,13.0,-1.0329420763675439
"Thayer County, Nebraska",31169,63095.0,6.7,87.0,3.0,76.0,-0.4023877637468863
"Thomas County, Nebraska",31171,72708.0,1.8,4.0,1.1,4.0,-1.1615085439550679
"Thurston County, Nebraska",31173,64838.0,13.5,191.0,10.3,311.0,1.0055273187777407
"Valley County, Nebraska",31175,58902.0,7.7,90.0,0.4,8.0,-0.61700058417166
"Washington County, Nebraska",31177,90188.0,6.0,343.0,1.9,210.0,-1.1180714498662343
"Wayne County, Nebraska",31179,67687.0,6.4,144.0,3.4,190.0,-0.4543374460751976
"Webster County, Nebraska",31181,65197.0,8.6,87.0,0.7,13.0,-0.6388056674827347
"Wheeler County, Nebraska",31183,55893.0,5.4,12.0,1.7,7.0,-0.5267222143256105
"York County, Nebraska",31185,74058.0,4.7,170.0,2.1,156.0,-0.8643154355535039
"Churchill County, Nevada",32001,73268.0,3.9,221.0,6.5,753.0,-0.29305334137728195
"Clark County, Nevada",32003,73845.0,9.9,53680.0,7.4,86020.0,0.20298803477197672
"Douglas County, Nevada",32005,88018.0,5.5,831.0,3.2,709.0,-0.9290006920774719
"Elko County, Nevada",32007,83427.0,7.2,948.0,4.3,1182.0,-0.5807340167424405
"Esmeralda County, Nevada",32009,,2.4,6.0,2.8,11.0,
"Eureka County, Nevada",32011,73095.0,13.5,59.0,0.0,0.0,-0.5740563090001504
"Humboldt County, Nevada",32013,79946.0,8.6,392.0,5.4,456.0,-0.2728848798125352
"Lander County, Nevada",32015,84474.0,8.3,139.0,9.2,247.0,0.14557355482917078
"Lincoln County, Nevada",32017,69496.0,4.1,41.0,1.7,31.0,-0.870376285468102
"Lyon County, Nevada",32019,73460.0,7.2,1137.0,6.3,1820.0,-0.1137345831652506
"Mineral County, Nevada",32021,50584.0,16.7,165.0,5.2,87.0,0.7791378645716037
"Nye County, Nevada",32023,55975.0,10.7,1438.0,9.5,1782.0,0.8862960042852057
"Pershing County, Nevada",32027,72007.0,5.1,64.0,6.0,135.0,-0.2613036890367811
"Storey County, Nevada",32029,96000.0,1.9,20.0,6.8,118.0,-0.814931770945145
"Washoe County, Nevada",32031,85600.0,6.5,7931.0,5.0,13024.0,-0.5704538942223212
"White Pine County, Nevada",32033,72294.0,4.2,88.0,4.9,185.0,-0.47603348634753734
"Carson City, Nevada",32510,71809.0,8.2,1210.0,4.1,1176.0,-0.32186513599983974
"Belknap County, New Hampshire",33001,87983.0,7.0,1213.0,2.5,854.0,-0.9292001482426026
"Carroll County, New Hampshire",33003,82961.0,4.2,587.0,5.3,1397.0,-0.6252608927425981
"Cheshire County, New Hampshire",33005,81001.0,5.3,1012.0,3.3,1325.0,-0.7934890352238142
"Coos County, New Hampshire",33007,58439.0,8.7,720.0,4.1,612.0,-0.033730209614677466
"Grafton County, New Hampshire",33009,84021.0,5.9,1292.0,2.9,1388.0,-0.8682725562133689
"Hillsborough County, New Hampshire",33011,100436.0,4.1,4386.0,3.3,8238.0,-1.2425273810177038
"Merrimack County, New Hampshire",33013,93944.0,3.7,1492.0,3.1,2592.0,-1.171238809050384
"Rockingham County, New Hampshire",33015,113927.0,3.1,2642.0,3.5,6292.0,-1.5372909349140726
"Strafford County, New Hampshire",33017,86564.0,5.1,1623.0,3.6,2729.0,-0.8714649464949583
"Sullivan County, New Hampshire",33019,75929.0,7.0,700.0,2.3,487.0,-0.7257929848582609
"Atlantic County, New Jersey",34001,76819.0,9.9,6990.0,8.1,11528.0,0.24258971558295314
"Bergen County, New Jersey",34003,123715.0,5.0,12704.0,5.5,28533.0,-1.3276286648976239
"Burlington County, New Jersey",34005,105271.0,4.9,5857.0,5.1,12695.0,-1.035742483432543
"Camden County, New Jersey",34007,86384.0,9.1,11938.0,6.9,19309.0,-0.15736388135315105
"Cape May County, New Jersey",34009,88046.0,6.1,1766.0,6.0,2756.0,-0.5048620385328954
"Cumberland County, New Jersey",34011,64499.0,12.7,4602.0,7.5,5152.0,0.5745852848430996
"Essex County, New Jersey",34013,76712.0,11.7,23839.0,8.3,37217.0,0.38711041851771677
"Gloucester County, New Jersey",34015,102807.0,4.5,3491.0,5.2,8511.0,-1.0002492044168554
"Hudson County, New Jersey",34017,90032.0,10.9,18800.0,5.9,24040.0,-0.2503985103736898
"Hunterdon County, New Jersey",34019,139453.0,2.3,838.0,4.6,3244.0,-1.9257378509510037
"Mercer County, New Jersey",34021,96333.0,7.5,6986.0,6.1,12165.0,-0.560532591702711
"Middlesex County, New Jersey",34023,109028.0,6.2,13654.0,6.4,29850.0,-0.8453871310840748
"Monmouth County, New Jersey",34025,122727.0,4.2,7114.0,5.2,18337.0,-1.4011466157650545
"Morris County, New Jersey",34027,134929.0,3.4,4526.0,5.2,14884.0,-1.6860428790367719
"Ocean County, New Jersey",34029,86411.0,6.5,10410.0,5.5,16271.0,-0.516998820536303
"Passaic County, New Jersey",34031,87137.0,11.1,14202.0,7.8,21116.0,0.08003523163363435
"Salem County, New Jersey",34033,78412.0,8.6,1363.0,7.5,2384.0,0.046301744305283776
"Somerset County, New Jersey",34035,135960.0,3.5,3174.0,4.8,9385.0,-1.7546173408435646
"Sussex County, New Jersey",34037,114316.0,3.5,1433.0,5.3,4353.0,-1.2708286389312466
"Union County, New Jersey",34039,100117.0,6.2,9001.0,6.3,19747.0,-0.6884138017274797
"Warren County, New Jersey",34041,99596.0,5.6,1646.0,5.6,3404.0,-0.8133158336919161
"Bernalillo County, New Mexico",35001,66514.0,11.8,19053.0,5.3,17996.0,0.17494558487282896
"Catron County, New Mexico",35003,46439.0,14.7,118.0,7.1,83.0,0.9931287973993621
"Chaves County, New Mexico",35005,52029.0,18.5,2852.0,5.6,1576.0,0.9215145421150162
"Cibola County, New Mexico",35006,51765.0,25.7,1433.0,8.5,780.0,1.7862430516424197
"Colfax County, New Mexico",35007,52690.0,12.9,404.0,3.5,181.0,0.2616812306846991
"Curry County, New Mexico",35009,56259.0,17.4,1971.0,7.7,1489.0,1.060039256154839
"DeBaca County, New Mexico",35011,40804.0,9.4,30.0,11.7,87.0,1.3976626647335515
"Dona Ana County, New Mexico",35013,55663.0,18.4,9714.0,6.9,6941.0,1.0248828261495637
"Eddy County, New Mexico",35015,79605.0,8.7,1378.0,4.3,1252.0,-0.4117621790733031
"Grant County, New Mexico",35017,45921.0,10.5,606.0,8.4,886.0,0.9144160345014427
"Guadalupe County, New Mexico",35019,40149.0,21.5,199.0,4.7,84.0,1.2164429244391157
"Harding County, New Mexico",35021,41250.0,11.6,17.0,12.9,39.0,1.6951070522769787
"Hidalgo County, New Mexico",35023,49076.0,18.4,182.0,4.1,69.0,0.7647330063902521
"Lea County, New Mexico",35025,68750.0,15.3,2585.0,7.0,2333.0,0.5900457675767229
"Lincoln County, New Mexico",35027,51643.0,9.4,527.0,5.7,529.0,0.36197363237204333
"Los Alamos County, New Mexico",35028,143188.0,3.0,157.0,2.2,228.0,-2.283831268182261
"Luna County, New Mexico",35029,37917.0,21.0,1146.0,5.5,497.0,1.337704572133866
"McKinley County, New Mexico",35031,44496.0,30.5,4580.0,9.4,2431.0,2.3560664655044325
"Mora County, New Mexico",35033,50178.0,8.1,99.0,5.5,95.0,0.27948782706208175
"Otero County, New Mexico",35035,52717.0,15.4,2351.0,9.1,2397.0,1.1934768409562546
"Quay County, New Mexico",35037,43698.0,20.0,434.0,4.5,166.0,1.0251040139426058
"Rio Arriba County, New Mexico",35039,53901.0,15.4,1436.0,5.1,853.0,0.6188079906909029
"Roosevelt County, New Mexico",35041,52445.0,16.8,747.0,5.8,520.0,0.8326516500502398
"Sandoval County, New Mexico",35043,84053.0,7.3,2937.0,5.4,3873.0,-0.43455506613485556
"San Juan County, New Mexico",35045,53020.0,17.6,5020.0,7.8,3887.0,1.1486752453458644
"San Miguel County, New Mexico",35047,47400.0,15.5,1018.0,5.3,619.0,0.7773755458217084
"Santa Fe County, New Mexico",35049,74689.0,9.0,3548.0,5.4,4114.0,-0.1466113900035746
"Sierra County, New Mexico",35051,37840.0,17.6,489.0,3.6,128.0,0.8600115516804122
"Socorro County, New Mexico",35053,47556.0,22.8,697.0,2.4,139.0,0.8400681784475402
"Taos County, New Mexico",35055,58908.0,11.0,836.0,5.0,780.0,0.22825675676654955
"Torrance County, New Mexico",35057,46250.0,12.9,470.0,11.6,721.0,1.502855287686554
"Union County, New Mexico",35059,45319.0,16.7,135.0,6.6,102.0,1.073230158426979
"Valencia County, New Mexico",35061,58333.0,13.3,2432.0,6.9,2246.0,0.6482458078545409
"Albany County, New York",36001,83149.0,7.2,5186.0,5.2,8838.0,-0.45121121992895435
"Allegany County, New York",36003,61233.0,9.9,1068.0,7.2,1513.0,0.41708885945893587
"Bronx County, New York",36005,49036.0,22.1,73028.0,11.1,71936.0,1.9675858533229433
"Broome County, New York",36007,61059.0,11.4,5218.0,6.7,6175.0,0.4471521543589525
"Cattaraugus County, New York",36009,58248.0,12.5,2441.0,5.2,1797.0,0.36423009826079805
"Cayuga County, New York",36011,66583.0,9.0,1709.0,3.9,1428.0,-0.19825772115168475
"Chautauqua County, New York",36013,56507.0,10.7,3400.0,5.5,3155.0,0.3241222564738085
"Chemung County, New York",36015,63469.0,11.7,2394.0,6.3,2475.0,0.36491363518022496
"Chenango County, New York",36017,62093.0,7.8,967.0,6.9,1556.0,0.22519280270397488
"Clinton County, New York",36019,69208.0,8.6,1685.0,4.0,1507.0,-0.26029139978657123
"Columbia County, New York",36021,83619.0,8.9,1510.0,5.3,1629.0,-0.3379294921189926
"Cortland County, New York",36023,67527.0,6.9,776.0,5.7,1415.0,-0.10197493871290388
"Delaware County, New York",36025,60226.0,11.4,1302.0,6.4,1303.0,0.4217176124326942
"Dutchess County, New York",36027,97273.0,4.9,3641.0,4.8,7549.0,-0.9238650482382743
"Erie County, New York",36029,71175.0,9.6,22329.0,4.8,23643.0,-0.12377450458091764
"Essex County, New York",36031,70215.0,8.7,840.0,5.0,887.0,-0.13521349405880959
"Franklin County, New York",36033,63747.0,11.2,1352.0,4.7,954.0,0.10688595680144465
"Fulton County, New York",36035,62615.0,10.8,1543.0,3.8,956.0,-0.021142157949047374
"Genesee County, New York",36037,72055.0,6.5,989.0,4.2,1248.0,-0.4212695615147937
"Greene County, New York",36039,74011.0,6.8,748.0,3.3,735.0,-0.5638047979011065
"Hamilton County, New York",36041,68950.0,3.4,45.0,5.4,127.0,-0.3940047513330322
"Herkimer County, New York",36043,68858.0,8.8,1407.0,4.4,1291.0,-0.18562260278789222
"Jefferson County, New York",36045,64978.0,9.2,2816.0,6.4,3031.0,0.19025086931350435
"Kings County, New York",36047,78548.0,14.9,89471.0,7.5,100919.0,0.4457446334273231
"Lewis County, New York",36049,68329.0,8.8,657.0,5.4,681.0,-0.03749011587834664
"Livingston County, New York",36051,72464.0,5.9,898.0,4.5,1369.0,-0.42599977295054275
"Madison County, New York",36053,73141.0,6.9,1135.0,4.1,1336.0,-0.43035447982258385
"Monroe County, New York",36055,74409.0,8.8,16270.0,5.1,20055.0,-0.19540723949814384
"Montgomery County, New York",36057,62923.0,10.7,1206.0,4.7,1131.0,0.09076864426816846
"Nassau County, New York",36059,143408.0,3.5,12277.0,4.8,35100.0,-1.89735280568567
"New York County, New York",36061,104553.0,12.0,38610.0,7.0,66581.0,-0.3066897195976818
"Niagara County, New York",36063,67809.0,9.1,5096.0,6.0,6334.0,0.07441725828183449
"Oneida County, New York",36065,68819.0,10.1,5787.0,4.7,5059.0,-0.06051428011990056
"Onondaga County, New York",36067,74740.0,9.5,10839.0,5.1,12265.0,-0.1570784754506018
"Ontario County, New York",36069,79814.0,4.9,1458.0,4.0,2291.0,-0.6996717722718854
"Orange County, New York",36071,96497.0,9.1,8812.0,5.4,10556.0,-0.5581640033119919
"Orleans County, New York",36073,63838.0,9.4,968.0,5.8,1099.0,0.14206484832405775
"Oswego County, New York",36075,68461.0,11.2,3330.0,6.9,3971.0,0.3201336960946941
"Otsego County, New York",36077,67086.0,8.3,1134.0,5.3,1491.0,-0.059377059237514414
"Putnam County, New York",36079,127405.0,3.7,964.0,4.1,2163.0,-1.6744997767572685
"Queens County, New York",36081,84961.0,9.4,51767.0,7.0,85295.0,-0.09714846826278593
"Rensselaer County, New York",36083,86663.0,8.0,3153.0,5.6,4799.0,-0.4123027500001752
"Richmond County, New York",36085,98290.0,8.0,9935.0,5.5,13201.0,-0.6489251479431456
"Rockland County, New York",36087,110631.0,10.7,8351.0,5.9,9277.0,-0.6579267255983984
"St. Lawrence County, New York",36089,61900.0,11.9,2992.0,5.7,2708.0,0.3249490849771995
"Saratoga County, New York",36091,99653.0,4.3,2737.0,3.1,3990.0,-1.242357209782164
"Schenectady County, New York",36093,76989.0,9.0,3503.0,5.8,4685.0,-0.13549136966207548
"Schoharie County, New York",36095,71188.0,6.1,468.0,5.4,784.0,-0.2645875695012461
"Schuyler County, New York",36097,65625.0,10.3,462.0,6.3,541.0,0.23425120108016587
"Seneca County, New York",36099,66007.0,7.3,564.0,4.7,727.0,-0.1853129061697557
"Steuben County, New York",36101,64740.0,8.4,2055.0,5.8,2595.0,0.06096134096059754
"Suffolk County, New York",36103,128329.0,4.0,14789.0,4.6,37812.0,-1.6040650639010725
"Sullivan County, New York",36105,69826.0,9.9,1779.0,6.1,2297.0,0.10061625994911867
"Tioga County, New York",36107,71791.0,8.5,1112.0,5.3,1234.0,-0.13678147053867082
"Tompkins County, New York",36109,73012.0,5.9,1285.0,5.3,2778.0,-0.3261061200843796
"Ulster County, New York",36111,81804.0,6.6,2818.0,5.1,4619.0,-0.4775251417980109
"Warren County, New York",36113,78239.0,4.7,829.0,3.8,1257.0,-0.7098504363300141
"Washington County, New York",36115,72342.0,7.5,1139.0,5.4,1617.0,-0.19735886104933
"Wayne County, New York",36117,73914.0,6.8,1655.0,3.5,1569.0,-0.5343469460737905
"Westchester County, New York",36119,118411.0,6.0,15203.0,6.0,31760.0,-1.0931667570192118
"Wyoming County, New York",36121,68913.0,6.4,667.0,3.8,716.0,-0.42263500236629487
"Yates County, New York",36123,67521.0,8.9,534.0,2.9,317.0,-0.3606101272980682
"Alamance County, North Carolina",37001,64445.0,10.4,4572.0,4.9,4305.0,0.07005434549854421
"Alexander County, North Carolina",37003,65268.0,8.3,798.0,5.2,877.0,-0.038335879736592506
"Alleghany County, North Carolina",37005,44272.0,9.8,322.0,5.4,242.0,0.48736200700860394
"Anson County, North Carolina",37007,44245.0,16.4,818.0,6.9,630.0,1.116065757199002
"Ashe County, North Carolina",37009,50827.0,9.4,757.0,5.4,642.0,0.3362132978971389
"Avery County, North Carolina",37011,57657.0,7.1,304.0,4.8,343.0,-0.024255280648734074
"Beaufort County, North Carolina",37013,57997.0,12.8,1655.0,5.4,1112.0,0.41578444869879144
"Bertie County, North Carolina",37015,45931.0,12.9,572.0,8.4,543.0,1.0673860030681335
"Bladen County, North Carolina",37017,44528.0,17.4,1201.0,4.3,503.0,0.8156736751424795
"Brunswick County, North Carolina",37019,74034.0,6.2,2780.0,5.2,3206.0,-0.3403462590696202
"Buncombe County, North Carolina",37021,70578.0,6.7,4160.0,3.5,4770.0,-0.4767966832706599
"Burke County, North Carolina",37023,55684.0,12.9,3188.0,4.8,2024.0,0.3836963797641572
"Cabarrus County, North Carolina",37025,86084.0,6.3,3694.0,4.5,5521.0,-0.6614901620116719
"Caldwell County, North Carolina",37027,55401.0,10.1,2189.0,4.8,1844.0,0.21043132103630988
"Camden County, North Carolina",37029,87781.0,5.0,149.0,4.9,259.0,-0.7217766277499692
"Carteret County, North Carolina",37031,70235.0,6.8,1348.0,4.3,1369.0,-0.35344593420016496
"Caswell County, North Carolina",37033,59407.0,11.5,671.0,5.7,562.0,0.3471986688157038
"Catawba County, North Carolina",37035,64544.0,8.6,3792.0,4.2,3370.0,-0.1433103379788718
"Chatham County, North Carolina",37037,88534.0,8.8,2011.0,3.0,1129.0,-0.7558911565572828
"Cherokee County, North Carolina",37039,51496.0,9.3,781.0,5.4,670.0,0.3170106690927732
"Chowan County, North Carolina",37041,56982.0,17.5,711.0,5.9,385.0,0.8041749636458736
"Clay County, North Carolina",37043,53645.0,6.6,196.0,4.2,184.0,-0.062073661796921635
"Cleveland County, North Carolina",37045,55769.0,13.2,3354.0,5.7,2692.0,0.5254077488559673
"Columbus County, North Carolina",37047,48184.0,15.9,1974.0,4.7,965.0,0.7050809416360863
"Craven County, North Carolina",37049,64635.0,10.4,2825.0,4.5,1915.0,0.01121529891418207
"Cumberland County, North Carolina",37051,58780.0,13.7,10944.0,7.7,10457.0,0.7756019869520735
"Currituck County, North Carolina",37053,91548.0,5.8,489.0,2.9,448.0,-1.0189037319950656
"Dare County, North Carolina",37055,81214.0,4.8,518.0,5.9,1185.0,-0.47069376087190323
"Davidson County, North Carolina",37057,62426.0,10.6,5001.0,4.0,3302.0,-0.002684661109059775
"Davie County, North Carolina",37059,73234.0,7.6,898.0,4.5,954.0,-0.3322667843474437
"Duplin County, North Carolina",37061,51880.0,12.5,1657.0,4.7,1086.0,0.41727085944690406
"Durham County, North Carolina",37063,79501.0,8.1,6253.0,4.2,7545.0,-0.46185895699352136
"Edgecombe County, North Carolina",37065,48480.0,19.0,2441.0,8.0,1783.0,1.352624211199917
"Forsyth County, North Carolina",37067,65541.0,9.9,9508.0,5.3,10179.0,0.07233947498238473
"Franklin County, North Carolina",37069,71386.0,7.1,1417.0,5.5,1991.0,-0.19076529752530402
"Gaston County, North Carolina",37071,65472.0,9.4,5732.0,4.8,5552.0,-0.02724415424748124
"Gates County, North Carolina",37073,61612.0,7.2,190.0,9.0,432.0,0.4859090502627148
"Graham County, North Carolina",37075,49038.0,6.4,130.0,6.4,232.0,0.3170407478886711
"Granville County, North Carolina",37077,70975.0,11.1,1721.0,4.4,1244.0,-0.07941347978750983
"Greene County, North Carolina",37079,50904.0,16.4,683.0,5.6,478.0,0.8090579332912885
"Guilford County, North Carolina",37081,66027.0,10.8,14476.0,4.7,13221.0,0.03766449154067812
"Halifax County, North Carolina",37083,45071.0,20.7,2641.0,8.7,1719.0,1.6230408865237107
"Harnett County, North Carolina",37085,69012.0,11.0,3698.0,5.0,2907.0,0.03462099726539014
"Haywood County, North Carolina",37087,61001.0,7.9,1360.0,3.4,981.0,-0.23047914609298395
"Henderson County, North Carolina",37089,67623.0,9.1,3104.0,3.3,1872.0,-0.2946035792398609
"Hertford County, North Carolina",37091,47472.0,14.1,729.0,5.2,461.0,0.6728519863955036
"Hoke County, North Carolina",37093,60095.0,13.1,1593.0,7.4,1528.0,0.670712195480417
"Hyde County, North Carolina",37095,47338.0,17.3,220.0,3.0,50.0,0.5760473832999807
"Iredell County, North Carolina",37097,78678.0,7.3,3840.0,4.4,4400.0,-0.4695417173263839
"Jackson County, North Carolina",37099,53479.0,10.3,1045.0,6.4,1331.0,0.48081985389062476
"Johnston County, North Carolina",37101,79838.0,8.1,4882.0,3.9,4560.0,-0.5097156919736552
"Jones County, North Carolina",37103,55659.0,16.9,427.0,4.1,167.0,0.5428486259674824
"Lee County, North Carolina",37105,63060.0,13.1,2267.0,4.0,1237.0,0.14470853829732927
"Lenoir County, North Carolina",37107,44795.0,17.4,2367.0,7.2,1768.0,1.210741124864491
"Lincoln County, North Carolina",37109,78490.0,6.8,1762.0,3.6,1614.0,-0.6082431755256424
"McDowell County, North Carolina",37111,55527.0,9.2,1179.0,4.7,914.0,0.1367815601702905
"Macon County, North Carolina",37113,53298.0,8.7,983.0,2.9,492.0,-0.10080021729025758
"Madison County, North Carolina",37115,58628.0,7.6,417.0,2.6,261.0,-0.3145432120539107
"Martin County, North Carolina",37117,46793.0,14.9,867.0,7.0,699.0,0.9853086553473894
"Mecklenburg County, North Carolina",37119,83765.0,7.5,20009.0,4.2,27284.0,-0.5818657967115693
"Mitchell County, North Carolina",37121,58089.0,8.7,354.0,6.5,464.0,0.30416429851323734
"Montgomery County, North Carolina",37123,55849.0,12.8,927.0,2.9,326.0,0.11196282201764059
"Moore County, North Carolina",37125,82837.0,5.8,1636.0,4.6,2023.0,-0.6173729952924637
"Nash County, North Carolina",37127,60704.0,10.4,2589.0,6.2,2826.0,0.32114083664454113
"New Hanover County, North Carolina",37129,72892.0,7.0,4011.0,4.7,5904.0,-0.33640408977670244
"Northampton County, North Carolina",37131,47935.0,15.2,703.0,6.5,474.0,0.9135709685075056
"Onslow County, North Carolina",37133,64568.0,9.9,5129.0,5.8,4258.0,0.15998360200867093
"Orange County, North Carolina",37135,88553.0,5.4,1835.0,3.6,2738.0,-0.8904374732812507
"Pamlico County, North Carolina",37137,61624.0,8.0,262.0,4.5,211.0,-0.08424270268269678
"Pasquotank County, North Carolina",37139,63912.0,6.5,688.0,6.6,1239.0,0.06597208376598462
"Pender County, North Carolina",37141,76838.0,7.0,1131.0,6.0,1838.0,-0.23263332342142326
"Perquimans County, North Carolina",37143,61224.0,7.7,289.0,5.0,269.0,-0.026724902377834852
"Person County, North Carolina",37145,64927.0,13.8,1497.0,3.9,764.0,0.13980152842468394
"Pitt County, North Carolina",37147,58851.0,11.6,4789.0,7.6,6614.0,0.6264254551810796
"Polk County, North Carolina",37149,61005.0,9.7,528.0,4.3,394.0,0.008510535698264774
"Randolph County, North Carolina",37151,59047.0,11.2,4283.0,3.7,2590.0,0.05896342500191121
"Richmond County, North Carolina",37153,43626.0,21.0,2254.0,9.6,1863.0,1.7940735849936658
"Robeson County, North Carolina",37155,40318.0,22.4,6223.0,6.3,2861.0,1.4914311104223223
"Rockingham County, North Carolina",37157,55796.0,13.2,3342.0,6.3,2723.0,0.607687067251477
"Rowan County, North Carolina",37159,63196.0,12.2,4728.0,5.9,4221.0,0.346856313488402
"Rutherford County, North Carolina",37161,49771.0,13.3,2268.0,5.5,1575.0,0.6191378416538101
"Sampson County, North Carolina",37163,53159.0,13.6,1996.0,5.2,1375.0,0.5319561277307893
"Scotland County, North Carolina",37165,43500.0,23.2,1820.0,10.1,1476.0,2.005883721029186
"Stanly County, North Carolina",37167,61631.0,10.4,1690.0,4.1,1212.0,0.01358692294014291
"Stokes County, North Carolina",37169,60039.0,9.2,1133.0,4.6,959.0,0.0365129259694764
"Surry County, North Carolina",37171,56095.0,13.3,2599.0,5.0,1666.0,0.4289457188742872
"Swain County, North Carolina",37173,55429.0,14.3,560.0,8.3,524.0,0.960908604000902
"Transylvania County, North Carolina",37175,64523.0,8.7,819.0,3.6,535.0,-0.2193229081780208
"Tyrrell County, North Carolina",37177,43952.0,12.5,126.0,5.1,63.0,0.6244030084679221
"Union County, North Carolina",37179,99243.0,5.7,3743.0,4.2,5352.0,-0.9933615385517897
"Vance County, North Carolina",37181,46943.0,14.2,1432.0,6.8,1338.0,0.9101629607266442
"Wake County, North Carolina",37183,101763.0,4.9,14125.0,4.2,26495.0,-1.0927093632357967
"Warren County, North Carolina",37185,45279.0,17.0,851.0,8.0,636.0,1.2863343556479079
"Washington County, North Carolina",37187,41750.0,18.5,498.0,11.2,498.0,1.8912737488922187
"Watauga County, North Carolina",37189,51367.0,7.9,852.0,9.0,2621.0,0.7269191081032361
"Wayne County, North Carolina",37191,58082.0,12.2,3780.0,5.4,2856.0,0.3758650831449699
"Wilkes County, North Carolina",37193,50438.0,12.4,2277.0,4.9,1484.0,0.4661229173506278
"Wilson County, North Carolina",37195,51381.0,15.5,3185.0,6.0,2138.0,0.7976788091922983
"Yadkin County, North Carolina",37197,60321.0,8.1,817.0,5.4,969.0,0.07130520218915483
"Yancey County, North Carolina",37199,54961.0,8.5,474.0,6.0,488.0,0.282349365177389
"Adams County, North Dakota",38001,55417.0,9.4,54.0,2.1,21.0,-0.20713283514635963
"Barnes County, North Dakota",38003,70230.0,6.7,177.0,3.1,173.0,-0.5253253539037528
"Benson County, North Dakota",38005,68049.0,21.6,278.0,1.9,41.0,0.3017567428841343
"Billings County, North Dakota",38007,81250.0,12.4,34.0,1.6,8.0,-0.5797486398456223
"Bottineau County, North Dakota",38009,83460.0,4.0,71.0,1.6,48.0,-1.158167310517886
"Bowman County, North Dakota",38011,83773.0,8.3,58.0,3.5,53.0,-0.6275614529944553
"Burke County, North Dakota",38013,96339.0,0.7,4.0,4.4,47.0,-1.2291962777510006
"Burleigh County, North Dakota",38015,84948.0,5.1,1252.0,3.1,1580.0,-0.9094927847892075
"Cass County, North Dakota",38017,75023.0,5.0,2165.0,3.0,3467.0,-0.7394686219210188
"Cavalier County, North Dakota",38019,67064.0,5.2,46.0,1.1,19.0,-0.8363664685445619
"Dickey County, North Dakota",38021,63125.0,7.3,91.0,2.9,76.0,-0.3784717478999559
"Divide County, North Dakota",38023,89297.0,6.4,38.0,3.0,31.0,-0.9236751039535852
"Dunn County, North Dakota",38025,94688.0,3.6,34.0,2.6,50.0,-1.2608760526054976
"Eddy County, North Dakota",38027,55389.0,9.4,55.0,2.1,24.0,-0.20659623565447205
"Emmons County, North Dakota",38029,67368.0,4.7,42.0,1.9,30.0,-0.7637054034007754
"Foster County, North Dakota",38031,83412.0,5.4,49.0,0.1,2.0,-1.2748950364995122
"Golden Valley County, North Dakota",38033,76528.0,12.4,62.0,4.6,37.0,-0.07527120029314015
"Grand Forks County, North Dakota",38035,68450.0,7.3,1134.0,2.7,1096.0,-0.5081203905697165
"Grant County, North Dakota",38037,56750.0,10.6,68.0,3.7,39.0,0.06469334479367184
"Griggs County, North Dakota",38039,64737.0,7.9,44.0,1.5,17.0,-0.5642665695209738
"Hettinger County, North Dakota",38041,70827.0,5.4,35.0,6.1,76.0,-0.20574519296529767
"Kidder County, North Dakota",38043,61850.0,7.0,41.0,1.5,15.0,-0.566374933269734
"LaMoure County, North Dakota",38045,70263.0,5.2,59.0,1.6,34.0,-0.8286756658095302
"Logan County, North Dakota",38047,61339.0,7.6,38.0,1.1,10.0,-0.5734894254787472
"McHenry County, North Dakota",38049,80614.0,5.9,88.0,4.7,124.0,-0.554589635751697
"McIntosh County, North Dakota",38051,64236.0,14.6,102.0,1.0,12.0,-0.19608640143462194
"McKenzie County, North Dakota",38053,88289.0,10.2,357.0,1.5,111.0,-0.8688435218281282
"McLean County, North Dakota",38055,81847.0,5.0,140.0,1.6,73.0,-1.0634380089139939
"Mercer County, North Dakota",38057,79405.0,7.5,178.0,1.9,70.0,-0.8156971456603221
"Morton County, North Dakota",38059,79483.0,2.9,259.0,1.4,268.0,-1.1797490080949713
"Mountrail County, North Dakota",38061,81292.0,10.7,243.0,2.9,133.0,-0.5096500475371643
"Nelson County, North Dakota",38063,68051.0,5.6,44.0,1.2,16.0,-0.815955206489901
"Oliver County, North Dakota",38065,76953.0,4.1,23.0,0.9,8.0,-1.1236799002114208
"Pembina County, North Dakota",38067,66884.0,6.2,110.0,4.0,130.0,-0.368915253202264
"Pierce County, North Dakota",38069,63214.0,4.8,51.0,1.4,26.0,-0.7467125968071606
"Ramsey County, North Dakota",38071,61319.0,11.7,327.0,1.9,115.0,-0.20105938276191904
"Ransom County, North Dakota",38073,74521.0,7.5,107.0,2.1,59.0,-0.6944999449877914
"Renville County, North Dakota",38075,76311.0,5.3,33.0,0.9,10.0,-1.0347956348119582
"Richland County, North Dakota",38077,72524.0,5.9,235.0,1.8,154.0,-0.7997350202938222
"Rolette County, North Dakota",38079,57355.0,19.0,509.0,5.7,262.0,0.8651537809964291
"Sargent County, North Dakota",38081,77697.0,4.5,47.0,1.1,24.0,-1.08481226220124
"Sheridan County, North Dakota",38083,67361.0,8.7,35.0,1.1,7.0,-0.618697572950302
"Sioux County, North Dakota",38085,41676.0,35.0,261.0,21.5,291.0,4.367022252457212
"Slope County, North Dakota",38087,62500.0,9.7,21.0,5.4,23.0,0.13165400398800114
"Stark County, North Dakota",38089,80744.0,5.6,465.0,3.1,528.0,-0.7970175349269696
"Steele County, North Dakota",38091,80313.0,13.5,65.0,3.5,29.0,-0.22940292951940947
"Stutsman County, North Dakota",38093,60172.0,7.2,360.0,3.6,402.0,-0.23166518701867686
"Towner County, North Dakota",38095,63017.0,7.2,40.0,1.4,14.0,-0.589775624854015
"Traill County, North Dakota",38097,88289.0,3.7,79.0,2.2,94.0,-1.187060006386398
"Walsh County, North Dakota",38099,69976.0,6.2,169.0,2.1,113.0,-0.6903608883168385
"Ward County, North Dakota",38101,79273.0,4.5,769.0,3.4,1201.0,-0.7976275923448046
"Wells County, North Dakota",38103,61346.0,6.7,63.0,1.6,30.0,-0.5620618848844142
"Williams County, North Dakota",38105,90224.0,5.7,537.0,2.5,526.0,-1.0551098112841268
"Adams County, Ohio",39001,49521.0,14.8,1070.0,6.5,724.0,0.8576495049385251
"Allen County, Ohio",39003,62001.0,9.8,2405.0,5.9,2865.0,0.216596001989098
"Ashland County, Ohio",39005,64991.0,7.5,1010.0,3.7,942.0,-0.291073132084115
"Ashtabula County, Ohio",39007,55507.0,13.7,3386.0,6.9,3127.0,0.7279309632071159
"Athens County, Ohio",39009,53837.0,7.7,912.0,5.8,1750.0,0.225237213635765
"Auglaize County, Ohio",39011,76454.0,5.5,691.0,2.5,603.0,-0.803981314484355
"Belmont County, Ohio",39013,58411.0,9.7,1633.0,5.7,1715.0,0.25141507088107534
"Brown County, Ohio",39015,69990.0,11.8,1403.0,4.3,870.0,-0.02966399855788811
"Butler County, Ohio",39017,81194.0,7.6,7466.0,4.8,9385.0,-0.44341597737415084
"Carroll County, Ohio",39019,64675.0,9.5,706.0,3.9,485.0,-0.12978362962423126
"Champaign County, Ohio",39021,74239.0,6.0,660.0,5.2,1041.0,-0.3570384015244707
"Clark County, Ohio",39023,60846.0,11.3,3960.0,6.5,4173.0,0.41725349167576997
"Clermont County, Ohio",39025,83178.0,5.9,3341.0,4.1,4476.0,-0.6865235714143786
"Clinton County, Ohio",39027,68125.0,11.3,1205.0,4.7,987.0,0.029366527193067832
"Columbiana County, Ohio",39029,58474.0,10.8,2781.0,4.8,2323.0,0.19621166341400062
"Coshocton County, Ohio",39031,54687.0,13.3,1326.0,5.3,866.0,0.4973273844191222
"Crawford County, Ohio",39033,55477.0,9.5,1087.0,5.6,1144.0,0.2810801053837016
"Cuyahoga County, Ohio",39035,62823.0,11.5,34286.0,6.9,45151.0,0.4473270380450745
"Darke County, Ohio",39037,64654.0,8.3,1170.0,2.7,669.0,-0.3715554928661577
"Defiance County, Ohio",39039,73615.0,5.4,555.0,4.0,791.0,-0.5489638086126548
"Delaware County, Ohio",39041,130088.0,3.4,2102.0,3.0,3587.0,-1.8968567563489593
"Erie County, Ohio",39043,68431.0,8.7,1764.0,6.1,2327.0,0.05076960758447987
"Fairfield County, Ohio",39045,87069.0,5.2,2256.0,3.6,2956.0,-0.8747611678147376
"Fayette County, Ohio",39047,60047.0,10.7,784.0,4.3,585.0,0.0906872420455002
"Franklin County, Ohio",39049,73795.0,10.5,32755.0,4.5,33148.0,-0.15794765820157255
"Fulton County, Ohio",39051,72866.0,6.6,757.0,3.6,780.0,-0.513226802330032
"Gallia County, Ohio",39053,56455.0,11.6,889.0,3.6,452.0,0.12036468280707295
"Geauga County, Ohio",39055,100783.0,3.9,1020.0,3.0,1480.0,-1.303339226277042
"Greene County, Ohio",39057,85218.0,6.2,2679.0,4.0,3392.0,-0.7202729347832474
"Guernsey County, Ohio",39059,55756.0,11.7,1179.0,5.0,875.0,0.33333466475139745
"Hamilton County, Ohio",39061,70816.0,10.1,20082.0,5.0,22048.0,-0.05738694564211305
"Hancock County, Ohio",39063,69699.0,5.9,1134.0,3.3,1262.0,-0.5386040803663005
"Hardin County, Ohio",39065,58001.0,11.4,857.0,4.1,598.0,0.14697055222751074
"Harrison County, Ohio",39067,53851.0,9.6,353.0,4.5,267.0,0.1668288899470619
"Henry County, Ohio",39069,79267.0,5.7,420.0,3.6,506.0,-0.693332883244941
"Highland County, Ohio",39071,62008.0,10.5,1201.0,4.0,809.0,-0.00105573106764556
"Hocking County, Ohio",39073,61366.0,11.4,936.0,4.9,647.0,0.1928784633562665
"Holmes County, Ohio",39075,74774.0,6.9,731.0,2.0,428.0,-0.7514383664295768
"Huron County, Ohio",39077,65972.0,8.9,1316.0,4.1,1178.0,-0.1653311695964829
"Jackson County, Ohio",39079,58409.0,10.4,905.0,4.1,588.0,0.07533419304235346
"Jefferson County, Ohio",39081,56983.0,12.6,2087.0,5.0,1491.0,0.36725571266206636
"Knox County, Ohio",39083,73988.0,7.9,1250.0,2.5,746.0,-0.6035606194207452
"Lake County, Ohio",39085,77952.0,5.2,3157.0,4.3,5424.0,-0.6034443278461484
"Lawrence County, Ohio",39087,54842.0,13.7,2043.0,3.0,751.0,0.20249630261055243
"Licking County, Ohio",39089,81033.0,7.2,3440.0,3.2,2881.0,-0.6866488084890708
"Logan County, Ohio",39091,69183.0,8.3,1082.0,3.6,811.0,-0.3341553302492346
"Lorain County, Ohio",39093,70693.0,9.1,7166.0,4.4,6859.0,-0.2016438323688029
"Lucas County, Ohio",39095,60095.0,13.1,13688.0,6.8,14726.0,0.5879154418605871
"Madison County, Ohio",39097,83229.0,6.6,672.0,4.0,836.0,-0.6566282713845986
"Mahoning County, Ohio",39099,55576.0,13.9,8046.0,6.4,7017.0,0.6703748016653032
"Marion County, Ohio",39101,57306.0,10.3,1576.0,6.0,1686.0,0.35228036616357494
"Medina County, Ohio",39103,92660.0,4.0,2032.0,3.0,3008.0,-1.141286147025166
"Meigs County, Ohio",39105,46701.0,13.9,765.0,6.1,544.0,0.7990592995161947
"Mercer County, Ohio",39107,78036.0,4.3,460.0,1.8,396.0,-1.007476203953656
"Miami County, Ohio",39109,74175.0,5.7,1681.0,3.6,2027.0,-0.5957484327916647
"Monroe County, Ohio",39111,58962.0,11.5,422.0,6.0,347.0,0.3971251446931183
"Montgomery County, Ohio",39113,64403.0,10.7,14145.0,5.8,15645.0,0.21419957657141594
"Morgan County, Ohio",39115,55971.0,9.8,362.0,3.0,172.0,-0.06802777374190176
"Morrow County, Ohio",39117,71047.0,7.7,745.0,3.0,522.0,-0.490964681425317
"Muskingum County, Ohio",39119,59203.0,12.1,2667.0,4.6,1883.0,0.23760453390702607
"Noble County, Ohio",39121,55360.0,8.5,250.0,2.9,133.0,-0.1530804046177973
"Ottawa County, Ohio",39123,75728.0,5.0,572.0,2.9,572.0,-0.7667788894926847
"Paulding County, Ohio",39125,68167.0,6.6,328.0,3.9,363.0,-0.38177553222083477
"Perry County, Ohio",39127,64737.0,9.9,941.0,4.0,635.0,-0.09164542006971181
"Pickaway County, Ohio",39129,72927.0,8.7,1289.0,4.2,1163.0,-0.29758265919474514
"Pike County, Ohio",39131,49552.0,15.7,1099.0,5.4,585.0,0.7626969685568005
"Portage County, Ohio",39133,72822.0,7.0,2806.0,5.3,4629.0,-0.2522658374271535
"Preble County, Ohio",39135,71237.0,8.7,1005.0,3.5,728.0,-0.36179125956228225
"Putnam County, Ohio",39137,82785.0,5.3,501.0,2.1,373.0,-0.993271595803742
"Richland County, Ohio",39139,57649.0,10.1,3052.0,4.8,2727.0,0.16735004754476135
"Ross County, Ohio",39141,59819.0,11.1,2065.0,4.5,1527.0,0.14818254813120826
"Sandusky County, Ohio",39143,62500.0,9.1,1452.0,3.9,1124.0,-0.11362828287216482
"Scioto County, Ohio",39145,49571.0,17.6,3230.0,6.6,1935.0,1.0491792969462181
"Seneca County, Ohio",39147,65020.0,8.3,1172.0,3.9,1100.0,-0.21297610755617177
"Shelby County, Ohio",39149,72822.0,8.5,1070.0,4.6,1142.0,-0.2531360429571437
"Stark County, Ohio",39151,65740.0,8.9,8668.0,3.9,7230.0,-0.18848397739411923
"Summit County, Ohio",39153,71016.0,9.0,12496.0,5.2,14866.0,-0.10381995310173657
"Trumbull County, Ohio",39155,55088.0,12.6,6602.0,4.5,4071.0,0.33457470501912584
"Tuscarawas County, Ohio",39157,64494.0,9.3,2331.0,5.3,2367.0,0.054114060314876866
"Union County, Ohio",39159,109506.0,3.9,677.0,2.4,843.0,-1.5533058858874316
"Van Wert County, Ohio",39161,65344.0,7.5,599.0,3.7,532.0,-0.2978381185354124
"Vinton County, Ohio",39163,53813.0,9.6,334.0,3.6,194.0,0.04336200168487884
"Warren County, Ohio",39165,107843.0,4.0,2701.0,3.1,4026.0,-1.4184577625645869
"Washington County, Ohio",39167,61355.0,9.7,1517.0,4.6,1304.0,0.043201418859584506
"Wayne County, Ohio",39169,71769.0,5.0,1483.0,3.3,1865.0,-0.6357097184467361
"Williams County, Ohio",39171,61834.0,9.4,919.0,3.5,635.0,-0.13691751501352417
"Wood County, Ohio",39173,73124.0,6.1,1931.0,4.6,3292.0,-0.4120852630048679
"Wyandot County, Ohio",39175,71878.0,5.3,317.0,2.5,278.0,-0.7290490936993952
"Adair County, Oklahoma",40001,48028.0,17.8,821.0,7.0,553.0,1.146711065152823
"Alfalfa County, Oklahoma",40003,67870.0,9.1,113.0,4.3,93.0,-0.16134256396262922
"Atoka County, Oklahoma",40005,52034.0,12.9,439.0,4.5,242.0,0.4122475795753064
"Beaver County, Oklahoma",40007,64266.0,5.5,62.0,1.9,45.0,-0.653203974992533
"Beckham County, Oklahoma",40009,52323.0,14.2,727.0,5.8,507.0,0.6690646118475692
"Blaine County, Oklahoma",40011,59304.0,12.0,262.0,7.5,248.0,0.6294715182434633
"Bryan County, Oklahoma",40013,54280.0,12.5,1467.0,4.8,1041.0,0.3850760762217467
"Caddo County, Oklahoma",40015,52817.0,14.2,848.0,5.4,603.0,0.604399627922713
"Canadian County, Oklahoma",40017,85427.0,5.8,2421.0,4.0,3406.0,-0.749805201911898
"Carter County, Oklahoma",40019,58856.0,11.9,1429.0,3.9,869.0,0.13489485459292053
"Cherokee County, Oklahoma",40021,53668.0,13.6,1607.0,5.1,1127.0,0.5084020566023368
"Choctaw County, Oklahoma",40023,45456.0,16.7,580.0,4.2,249.0,0.7394176392909237
"Cimarron County, Oklahoma",40025,57204.0,8.3,42.0,0.3,3.0,-0.5599687139682369
"Cleveland County, Oklahoma",40027,74446.0,7.7,5591.0,4.8,7529.0,-0.30771376602747036
"Coal County, Oklahoma",40029,48162.0,15.2,198.0,6.2,131.0,0.8678223029597875
"Comanche County, Oklahoma",40031,59000.0,13.6,3841.0,6.9,3355.0,0.6546084427923707
"Cotton County, Oklahoma",40033,60313.0,18.1,244.0,2.2,53.0,0.2680492105337884
"Craig County, Oklahoma",40035,50182.0,14.4,488.0,4.7,273.0,0.5710647280099133
"Creek County, Oklahoma",40037,61849.0,11.3,2184.0,3.6,1160.0,-0.0021525778568581844
"Custer County, Oklahoma",40039,57562.0,10.0,654.0,3.5,519.0,-0.01675736115493683
"Delaware County, Oklahoma",40041,55114.0,13.7,1527.0,4.8,840.0,0.4456738826917052
"Dewey County, Oklahoma",40043,60550.0,10.2,106.0,4.5,86.0,0.07673786432354118
"Ellis County, Oklahoma",40045,56992.0,12.2,111.0,6.5,114.0,0.5485481830964735
"Garfield County, Oklahoma",40047,67302.0,10.0,1559.0,4.2,1250.0,-0.10682111470508904
"Garvin County, Oklahoma",40049,57127.0,11.5,731.0,2.8,311.0,-0.009291110293101553
"Grady County, Oklahoma",40051,75730.0,8.5,1267.0,5.2,1383.0,-0.2260689794233561
"Grant County, Oklahoma",40053,61824.0,9.6,93.0,4.0,73.0,-0.054965110051128085
"Greer County, Oklahoma",40055,60183.0,10.1,123.0,4.7,98.0,0.10498833459229388
"Harmon County, Oklahoma",40057,54286.0,13.7,83.0,9.7,111.0,1.137715384132802
"Harper County, Oklahoma",40059,59191.0,10.8,91.0,2.2,32.0,-0.17631504878443197
"Haskell County, Oklahoma",40061,49930.0,15.6,502.0,5.9,297.0,0.8180684362977441
"Hughes County, Oklahoma",40063,47923.0,13.1,331.0,5.5,257.0,0.6417899405148623
"Jackson County, Oklahoma",40065,61497.0,11.5,714.0,5.2,588.0,0.23814805491661525
"Jefferson County, Oklahoma",40067,48750.0,17.5,234.0,4.1,93.0,0.7135449534013426
"Johnston County, Oklahoma",40069,50911.0,16.5,443.0,5.1,212.0,0.7463082225368903
"Kay County, Oklahoma",40071,56673.0,11.9,1248.0,6.0,1202.0,0.4665190883619917
"Kingfisher County, Oklahoma",40073,70617.0,9.0,361.0,1.9,144.0,-0.5515555552514025
"Kiowa County, Oklahoma",40075,42063.0,22.7,522.0,4.3,146.0,1.2011454861897128
"Latimer County, Oklahoma",40077,41048.0,16.6,423.0,7.3,267.0,1.245295223962111
"Le Flore County, Oklahoma",40079,50027.0,15.5,1871.0,5.2,1020.0,0.7132315559854714
"Lincoln County, Oklahoma",40081,59425.0,12.8,1141.0,3.6,528.0,0.14002761375303338
"Logan County, Oklahoma",40083,82735.0,9.4,1260.0,3.3,790.0,-0.5650687893133381
"Love County, Oklahoma",40085,62940.0,10.5,267.0,4.7,217.0,0.07767938411599204
"McClain County, Oklahoma",40087,84778.0,6.3,749.0,4.7,1011.0,-0.6088627106953515
"McCurtain County, Oklahoma",40089,50175.0,17.1,1309.0,4.2,533.0,0.6745083958473543
"McIntosh County, Oklahoma",40091,46203.0,15.4,781.0,4.2,277.0,0.6421393919951175
"Major County, Oklahoma",40093,69229.0,7.0,163.0,1.9,65.0,-0.6525902279031348
"Marshall County, Oklahoma",40095,56495.0,12.7,509.0,5.4,348.0,0.4381874447832832
"Mayes County, Oklahoma",40097,57279.0,14.0,1481.0,6.6,1180.0,0.6717187056730375
"Murray County, Oklahoma",40099,61904.0,11.0,376.0,2.1,128.0,-0.22934369802793642
"Muskogee County, Oklahoma",40101,51999.0,14.7,2407.0,5.9,1627.0,0.7209819624848759
"Noble County, Oklahoma",40103,70071.0,6.1,177.0,2.3,113.0,-0.6709643096642317
"Nowata County, Oklahoma",40105,52679.0,12.1,321.0,5.1,206.0,0.43162951020003204
"Okfuskee County, Oklahoma",40107,45441.0,22.6,619.0,3.1,120.0,0.9644333493055607
"Oklahoma County, Oklahoma",40109,65374.0,11.6,22984.0,4.8,19447.0,0.11503208761295984
"Okmulgee County, Oklahoma",40111,53123.0,13.5,1238.0,7.2,1137.0,0.8022534862942173
"Osage County, Oklahoma",40113,60482.0,9.1,1050.0,5.4,1091.0,0.13203709312845305
"Ottawa County, Oklahoma",40115,48656.0,16.1,1216.0,3.5,441.0,0.5432053677081371
"Pawnee County, Oklahoma",40117,57551.0,12.5,521.0,3.6,241.0,0.1567962497690731
"Payne County, Oklahoma",40119,48937.0,12.1,2095.0,4.5,1737.0,0.42054544581746844
"Pittsburg County, Oklahoma",40121,54787.0,13.8,1576.0,5.8,1057.0,0.5963169213543983
"Pontotoc County, Oklahoma",40123,62564.0,9.3,921.0,3.5,640.0,-0.15728916413950217
"Pottawatomie County, Oklahoma",40125,60828.0,11.7,2121.0,5.4,1704.0,0.2913313353960228
"Pushmataha County, Oklahoma",40127,44634.0,19.1,536.0,6.2,252.0,1.1843214572064702
"Roger Mills County, Oklahoma",40129,62721.0,11.4,115.0,3.3,51.0,-0.05388046218379372
"Rogers County, Oklahoma",40131,77688.0,7.2,1870.0,4.7,2291.0,-0.4155524494264935
"Seminole County, Oklahoma",40133,46191.0,20.4,1185.0,7.1,660.0,1.3616403624566973
"Sequoyah County, Oklahoma",40135,49795.0,15.3,1577.0,4.8,769.0,0.649716362711028
"Stephens County, Oklahoma",40137,60236.0,11.4,1330.0,5.3,996.0,0.26973192145399844
"Texas County, Oklahoma",40139,59275.0,12.7,575.0,2.5,252.0,-0.01527352821664115
"Tillman County, Oklahoma",40141,47445.0,14.6,237.0,5.9,175.0,0.801874303185118
"Tulsa County, Oklahoma",40143,67317.0,10.8,17958.0,5.4,18551.0,0.10953879893518122
"Wagoner County, Oklahoma",40145,78520.0,6.2,1380.0,4.8,2024.0,-0.48151499912359647
"Washington County, Oklahoma",40147,61205.0,11.1,1490.0,3.9,924.0,0.038824119662941414
"Washita County, Oklahoma",40149,61980.0,8.2,227.0,6.1,303.0,0.14248962865304693
"Woods County, Oklahoma",40151,50512.0,8.3,159.0,6.8,296.0,0.4652433954743936
"Woodward County, Oklahoma",40153,65060.0,11.6,641.0,4.8,487.0,0.1210496676291281
"Baker County, Oregon",41001,57844.0,9.4,389.0,4.6,310.0,0.09134196088348241
"Benton County, Oregon",41003,76011.0,7.8,1605.0,6.7,3400.0,-0.06913439117258131
"Clackamas County, Oregon",41005,100360.0,5.0,5645.0,4.6,9999.0,-1.0042423262903954
"Clatsop County, Oregon",41007,68705.0,5.0,507.0,4.4,853.0,-0.4251963543171555
"Columbia County, Oregon",41009,86359.0,5.3,769.0,4.4,1123.0,-0.7443771325470013
"Coos County, Oregon",41011,60313.0,10.3,1772.0,5.5,1507.0,0.22565611890516693
"Crook County, Oregon",41013,81675.0,6.2,471.0,5.3,644.0,-0.4729809686155986
"Curry County, Oregon",41015,64769.0,8.6,637.0,5.3,482.0,0.0041717501214812895
"Deschutes County, Oregon",41017,87640.0,5.7,3128.0,4.7,4971.0,-0.7020012472838838
"Douglas County, Oregon",41019,58983.0,9.6,2875.0,5.9,2724.0,0.26167029390402546
"Gilliam County, Oregon",41021,64219.0,3.3,15.0,1.7,15.0,-0.8203003159289756
"Grant County, Oregon",41023,59800.0,8.5,173.0,6.2,190.0,0.2172123922919453
"Harney County, Oregon",41025,48338.0,4.7,90.0,4.4,145.0,-0.054022918176913286
"Hood River County, Oregon",41027,82095.0,2.9,169.0,3.5,465.0,-0.9400174373116542
"Jackson County, Oregon",41029,71443.0,7.4,4231.0,5.4,5673.0,-0.18651191830798927
"Jefferson County, Oregon",41031,73051.0,12.0,760.0,7.7,866.0,0.3936192498674882
"Josephine County, Oregon",41033,59097.0,10.8,2578.0,7.8,2821.0,0.5982560928186506
"Klamath County, Oregon",41035,59353.0,12.0,2116.0,7.9,2276.0,0.6837303048792132
"Lake County, Oregon",41037,61222.0,8.6,174.0,4.4,151.0,-0.05204772324664309
"Lane County, Oregon",41039,69311.0,7.9,7299.0,6.8,13241.0,0.07944739426750151
"Lincoln County, Oregon",41041,61314.0,11.0,1460.0,7.9,1693.0,0.5823318381618606
"Linn County, Oregon",41043,73396.0,7.6,2547.0,5.9,3705.0,-0.14217897058042847
"Malheur County, Oregon",41045,49902.0,15.4,994.0,5.0,628.0,0.6816464377563564
"Marion County, Oregon",41047,74624.0,9.3,7828.0,5.2,8709.0,-0.1538194290796736
"Morrow County, Oregon",41049,70217.0,10.7,338.0,3.0,167.0,-0.28360632529140667
"Multnomah County, Oregon",41051,86247.0,7.3,13021.0,5.4,25568.0,-0.47660146917776364
"Polk County, Oregon",41053,81318.0,8.5,1910.0,5.2,2212.0,-0.33315890659007014
"Sherman County, Oregon",41055,59500.0,15.5,74.0,0.8,7.0,-0.07548774389273512
"Tillamook County, Oregon",41057,66551.0,8.4,625.0,5.0,570.0,-0.0841408190970972
"Umatilla County, Oregon",41059,68958.0,9.3,1817.0,5.4,1947.0,-0.017635771169424535
"Union County, Oregon",41061,64212.0,8.8,614.0,5.6,688.0,0.06900809156997674
"Wallowa County, Oregon",41063,65559.0,2.6,53.0,5.2,179.0,-0.4076715082993268
"Wasco County, Oregon",41065,63602.0,6.1,383.0,7.8,1004.0,0.21197957874448217
"Washington County, Oregon",41067,104434.0,5.0,7635.0,4.5,15109.0,-1.0961170112966816
"Wheeler County, Oregon",41069,51250.0,6.6,28.0,3.3,17.0,-0.14037037140270803
"Yamhill County, Oregon",41071,87084.0,7.6,2075.0,4.5,2352.0,-0.5976918901561391
"Adams County, Pennsylvania",42001,81071.0,5.4,1519.0,3.1,1685.0,-0.8160477180250445
"Allegheny County, Pennsylvania",42003,76393.0,7.1,21632.0,4.9,33128.0,-0.3695175388551799
"Armstrong County, Pennsylvania",42005,64295.0,7.1,1309.0,4.6,1448.0,-0.17906660663451035
"Beaver County, Pennsylvania",42007,70156.0,6.9,3108.0,5.1,4351.0,-0.23515455176746747
"Bedford County, Pennsylvania",42009,60302.0,7.4,951.0,4.2,968.0,-0.13859632057908047
"Berks County, Pennsylvania",42011,77684.0,8.3,8900.0,5.3,11745.0,-0.2624799669169767
"Blair County, Pennsylvania",42013,60594.0,8.5,2660.0,4.4,2628.0,-0.046394297016071756
"Bradford County, Pennsylvania",42015,62482.0,9.5,1477.0,5.5,1487.0,0.13303495213732253
"Bucks County, Pennsylvania",42017,111951.0,4.1,7215.0,4.6,16077.0,-1.2838109558801876
"Butler County, Pennsylvania",42019,86775.0,5.0,2566.0,4.3,4346.0,-0.7852941281969797
"Cambria County, Pennsylvania",42021,56292.0,8.9,2948.0,4.7,2828.0,0.10297569407592261
"Cameron County, Pennsylvania",42023,47681.0,13.0,173.0,9.3,180.0,1.1644253990566675
"Carbon County, Pennsylvania",42025,67877.0,8.4,1424.0,7.1,2342.0,0.18023599977791535
"Centre County, Pennsylvania",42027,72748.0,5.7,1864.0,4.0,3068.0,-0.5132031872264106
"Chester County, Pennsylvania",42029,123041.0,3.7,5289.0,3.8,11414.0,-1.6322652899029853
"Clarion County, Pennsylvania",42031,60668.0,7.0,667.0,5.1,930.0,-0.046942247286070375
"Clearfield County, Pennsylvania",42033,60181.0,10.3,2106.0,5.8,2143.0,0.26958417903398063
"Clinton County, Pennsylvania",42035,58842.0,9.7,943.0,5.7,1035.0,0.24315527155951952
"Columbia County, Pennsylvania",42037,61992.0,9.6,1520.0,5.5,1766.0,0.14880717704712096
"Crawford County, Pennsylvania",42039,60254.0,9.0,1954.0,4.9,1836.0,0.06102751764886688
"Cumberland County, Pennsylvania",42041,85634.0,5.1,3369.0,3.4,4708.0,-0.8812410955305392
"Dauphin County, Pennsylvania",42043,74159.0,9.2,6718.0,4.3,6475.0,-0.27548490889233584
"Delaware County, Pennsylvania",42045,88576.0,7.4,10510.0,6.9,20904.0,-0.30786143049093284
"Elk County, Pennsylvania",42047,64103.0,4.8,393.0,6.2,986.0,-0.10137560171595321
"Erie County, Pennsylvania",42049,61476.0,10.7,7052.0,5.5,7185.0,0.22889501093132422
"Fayette County, Pennsylvania",42051,56093.0,12.3,4128.0,6.7,3825.0,0.5997575113146214
"Forest County, Pennsylvania",42053,50061.0,12.6,134.0,3.1,60.0,0.2377210529675838
"Franklin County, Pennsylvania",42055,74946.0,4.9,2084.0,3.6,2782.0,-0.6615779535002632
"Fulton County, Pennsylvania",42057,64798.0,8.9,369.0,3.0,214.0,-0.2946263677753593
"Greene County, Pennsylvania",42059,66870.0,10.1,963.0,6.1,896.0,0.17002930248192727
"Huntingdon County, Pennsylvania",42061,65429.0,8.5,914.0,5.2,976.0,-0.02865785921141593
"Indiana County, Pennsylvania",42063,58739.0,7.4,1424.0,6.6,2603.0,0.22254444410810836
"Jefferson County, Pennsylvania",42065,56898.0,11.3,1304.0,4.7,960.0,0.2445237591724341
"Juniata County, Pennsylvania",42067,63923.0,7.0,433.0,2.5,284.0,-0.4681078705706018
"Lackawanna County, Pennsylvania",42069,64691.0,10.7,5761.0,4.7,5015.0,0.056886219208979044
"Lancaster County, Pennsylvania",42071,83703.0,5.6,8133.0,3.3,9560.0,-0.8261256847856734
"Lawrence County, Pennsylvania",42073,60779.0,7.4,1682.0,6.2,2533.0,0.12825150252402898
"Lebanon County, Pennsylvania",42075,76350.0,7.6,2889.0,4.1,2969.0,-0.44718047783406173
"Lehigh County, Pennsylvania",42077,77493.0,8.2,7990.0,5.5,10726.0,-0.23760240774008912
"Luzerne County, Pennsylvania",42079,62321.0,11.3,9284.0,5.7,9330.0,0.27859052552072666
"Lycoming County, Pennsylvania",42081,64412.0,8.4,2446.0,5.4,2979.0,0.01204938497615643
"McKean County, Pennsylvania",42083,61705.0,10.1,1025.0,4.8,885.0,0.0896197782913268
"Mercer County, Pennsylvania",42085,60614.0,9.5,2771.0,5.3,2658.0,0.14123488607997672
"Mifflin County, Pennsylvania",42087,61415.0,11.3,1408.0,3.3,718.0,-0.03523366254251514
"Monroe County, Pennsylvania",42089,82374.0,8.7,3732.0,6.4,5359.0,-0.17503939829807
"Montgomery County, Pennsylvania",42091,111521.0,4.2,9450.0,4.4,20680.0,-1.2967875048977104
"Montour County, Pennsylvania",42093,72926.0,5.6,275.0,2.6,224.0,-0.7161885857681121
"Northampton County, Pennsylvania",42095,86687.0,5.9,4835.0,4.8,7849.0,-0.6571747737519689
"Northumberland County, Pennsylvania",42097,57948.0,8.6,2029.0,3.9,1676.0,-0.05830120591411856
"Perry County, Pennsylvania",42099,78824.0,6.3,793.0,3.2,737.0,-0.7017505456485383
"Philadelphia County, Pennsylvania",42101,60698.0,17.5,61667.0,8.4,68006.0,1.077947018781318
"Pike County, Pennsylvania",42103,79318.0,6.3,1030.0,7.3,2111.0,-0.14543987742467043
"Potter County, Pennsylvania",42105,59840.0,7.5,332.0,4.5,328.0,-0.08196231835125473
"Schuylkill County, Pennsylvania",42107,66901.0,8.0,2927.0,5.2,3565.0,-0.08877633007947656
"Snyder County, Pennsylvania",42109,68435.0,5.2,511.0,2.3,462.0,-0.6970471721398278
"Somerset County, Pennsylvania",42111,59378.0,7.3,1369.0,5.3,1824.0,0.02452377715446699
"Sullivan County, Pennsylvania",42113,64758.0,6.6,104.0,6.4,178.0,0.028541929332440336
"Susquehanna County, Pennsylvania",42115,66930.0,7.0,728.0,5.6,978.0,-0.09795159611003044
"Tioga County, Pennsylvania",42117,62932.0,8.3,935.0,4.7,903.0,-0.06256544538230305
"Union County, Pennsylvania",42119,72894.0,5.2,493.0,2.3,411.0,-0.7825006412229305
"Venango County, Pennsylvania",42121,61626.0,8.4,1161.0,6.3,1455.0,0.1896361648487189
"Warren County, Pennsylvania",42123,59013.0,7.3,754.0,4.2,742.0,-0.120275313486448
"Washington County, Pennsylvania",42125,77487.0,5.8,3206.0,4.9,5275.0,-0.4734457869968794
"Wayne County, Pennsylvania",42127,62182.0,9.3,1241.0,6.0,1336.0,0.19501805948720818
"Westmoreland County, Pennsylvania",42129,72468.0,6.3,6095.0,4.8,8712.0,-0.3591511180038367
"Wyoming County, Pennsylvania",42131,70268.0,7.6,526.0,4.7,595.0,-0.24782664886921468
"York County, Pennsylvania",42133,82238.0,5.9,7260.0,4.4,10777.0,-0.6271107830910935
"Bristol County, Rhode Island",44001,110926.0,4.2,532.0,3.1,828.0,-1.4647777318713968
"Kent County, Rhode Island",44003,91278.0,4.2,1923.0,4.7,4449.0,-0.8674468597206171
"Newport County, Rhode Island",44005,100859.0,4.5,1004.0,6.3,2779.0,-0.81112316289251
"Providence County, Rhode Island",44007,78204.0,9.0,13962.0,6.3,22264.0,-0.08977866007329294
"Washington County, Rhode Island",44009,102478.0,4.0,1346.0,4.8,3314.0,-1.0810506651425553
"Abbeville County, South Carolina",45001,52112.0,9.3,580.0,3.4,351.0,0.02921630153847928
"Aiken County, South Carolina",45003,67940.0,9.6,4402.0,5.6,4530.0,0.04861757249277582
"Allendale County, South Carolina",45005,31603.0,22.3,389.0,10.8,307.0,2.2730416206193014
"Anderson County, South Carolina",45007,64683.0,11.1,6191.0,5.1,5017.0,0.13776430430313238
"Bamberg County, South Carolina",45009,43206.0,15.3,410.0,11.9,690.0,1.755751306214045
"Barnwell County, South Carolina",45011,41800.0,22.7,1133.0,7.2,658.0,1.6063699977224541
"Beaufort County, South Carolina",45013,84819.0,8.1,4412.0,3.0,2482.0,-0.7293680391566931
"Berkeley County, South Carolina",45015,82327.0,8.0,4991.0,3.7,4270.0,-0.5913962056239924
"Calhoun County, South Carolina",45017,56690.0,14.9,584.0,7.3,490.0,0.8370382760425997
"Charleston County, South Carolina",45019,84320.0,7.2,7256.0,3.6,7992.0,-0.6944439202366101
"Cherokee County, South Carolina",45021,49047.0,12.5,1696.0,6.3,1598.0,0.6923545724516034
"Chester County, South Carolina",45023,51216.0,15.7,1370.0,6.5,947.0,0.8826016756276435
"Chesterfield County, South Carolina",45025,47620.0,17.1,1909.0,8.1,1599.0,1.2616519980109933
"Clarendon County, South Carolina",45027,48887.0,13.9,1077.0,8.6,1073.0,1.1021526840297837
"Colleton County, South Carolina",45029,48779.0,15.9,1612.0,9.3,1573.0,1.328453313518837
"Darlington County, South Carolina",45031,47419.0,15.8,2497.0,6.9,1941.0,1.0169479691294363
"Dillon County, South Carolina",45033,44038.0,24.9,1721.0,6.8,838.0,1.648680674798861
"Dorchester County, South Carolina",45035,76896.0,8.4,3624.0,4.7,3823.0,-0.3237935438919185
"Edgefield County, South Carolina",45037,67092.0,12.4,829.0,5.8,707.0,0.27115633571264597
"Fairfield County, South Carolina",45039,46972.0,12.4,701.0,5.5,558.0,0.6153430223591174
"Florence County, South Carolina",45041,56650.0,13.0,4340.0,4.7,2926.0,0.35776597215916134
"Georgetown County, South Carolina",45043,66734.0,10.0,1833.0,5.1,1414.0,0.02825931970294736
"Greenville County, South Carolina",45045,74624.0,7.9,11210.0,4.3,11874.0,-0.36735883273413134
"Greenwood County, South Carolina",45047,50635.0,12.5,2068.0,4.7,1445.0,0.44113037256833554
"Hampton County, South Carolina",45049,43059.0,14.1,631.0,10.0,833.0,1.4197979281291442
"Horry County, South Carolina",45051,64623.0,8.6,8336.0,5.2,8826.0,-0.006829725750314412
"Jasper County, South Carolina",45053,63503.0,12.6,1033.0,5.1,686.0,0.2561041470591599
"Kershaw County, South Carolina",45055,64343.0,11.3,2045.0,4.9,1533.0,0.12944470500630736
"Lancaster County, South Carolina",45057,74751.0,9.0,2456.0,5.5,2609.0,-0.134000115656116
"Laurens County, South Carolina",45059,55517.0,13.0,2266.0,4.5,1407.0,0.35188016943976574
"Lee County, South Carolina",45061,44145.0,16.8,637.0,5.7,368.0,0.9779156119231446
"Lexington County, South Carolina",45063,75014.0,8.7,7065.0,4.2,6399.0,-0.3375784856079398
"McCormick County, South Carolina",45065,55344.0,10.5,277.0,5.5,178.0,0.3336468320511816
"Marion County, South Carolina",45067,34501.0,18.2,1201.0,5.9,678.0,1.2796789994412827
"Marlboro County, South Carolina",45069,36293.0,17.4,865.0,8.4,841.0,1.5392692349623118
"Newberry County, South Carolina",45071,59670.0,11.1,1146.0,3.6,644.0,0.026842893569008264
"Oconee County, South Carolina",45073,60193.0,10.5,2416.0,6.1,2104.0,0.32351605223661695
"Orangeburg County, South Carolina",45075,43214.0,17.0,3416.0,9.3,3326.0,1.5053015343509177
"Pickens County, South Carolina",45077,59411.0,9.1,2949.0,3.5,2240.0,-0.1096276961029737
"Richland County, South Carolina",45079,61699.0,11.7,11173.0,6.6,13892.0,0.44023276558446406
"Saluda County, South Carolina",45081,52957.0,19.7,1096.0,2.4,202.0,0.5387282214612116
"Spartanburg County, South Carolina",45083,64195.0,11.1,9815.0,4.3,7168.0,0.036720795382924325
"Sumter County, South Carolina",45085,55990.0,12.7,3395.0,7.3,3231.0,0.7100551197009556
"Union County, South Carolina",45087,41200.0,17.9,1273.0,7.7,901.0,1.3805426304613648
"Williamsburg County, South Carolina",45089,43471.0,17.3,1296.0,4.9,617.0,0.9123453257793018
"York County, South Carolina",45091,83060.0,6.0,4684.0,4.4,6735.0,-0.6364820772297433
"Aurora County, South Dakota",46003,74130.0,4.4,29.0,0.7,10.0,-1.0780328893365898
"Beadle County, South Dakota",46005,63082.0,7.4,350.0,2.5,237.0,-0.42646378633934506
"Bennett County, South Dakota",46007,44569.0,31.1,227.0,9.9,117.0,2.461955171465794
"Bon Homme County, South Dakota",46009,61275.0,5.7,91.0,2.2,61.0,-0.5417218062849499
"Brookings County, South Dakota",46011,67341.0,5.0,347.0,3.6,714.0,-0.5094519648483082
"Brown County, South Dakota",46013,70239.0,6.1,559.0,3.5,732.0,-0.5085903993758976
"Brule County, South Dakota",46015,74043.0,5.1,59.0,1.6,43.0,-0.9074983310161236
"Buffalo County, South Dakota",46017,47000.0,30.7,98.0,9.7,63.0,2.362240983929071
"Butte County, South Dakota",46019,67692.0,6.2,170.0,4.1,230.0,-0.37060052246009695
"Campbell County, South Dakota",46021,65000.0,6.7,30.0,3.4,27.0,-0.38369785771625836
"Charles Mix County, South Dakota",46023,64850.0,15.1,299.0,5.9,244.0,0.5002288951830889
"Clark County, South Dakota",46025,62885.0,6.4,53.0,4.0,66.0,-0.27951387959664165
"Clay County, South Dakota",46027,58794.0,4.8,128.0,8.4,711.0,0.30395559140549505
"Codington County, South Dakota",46029,65080.0,6.4,458.0,2.0,310.0,-0.5975686256398834
"Corson County, South Dakota",46031,43750.0,35.2,290.0,23.3,359.0,4.588429289985414
"Custer County, South Dakota",46033,81958.0,4.4,127.0,2.0,84.0,-1.048657809678015
"Davison County, South Dakota",46035,61401.0,6.1,297.0,0.9,90.0,-0.6980025349676815
"Day County, South Dakota",46037,62270.0,8.2,113.0,2.2,55.0,-0.40124690747039765
"Deuel County, South Dakota",46039,79556.0,3.4,39.0,1.2,25.0,-1.176838248491843
"Dewey County, South Dakota",46041,57928.0,26.0,304.0,14.6,333.0,2.5290458671646747
"Douglas County, South Dakota",46043,78125.0,7.2,59.0,0.8,11.0,-0.9621061328823481
"Edmunds County, South Dakota",46045,77266.0,4.6,51.0,0.7,14.0,-1.1253685648244722
"Fall River County, South Dakota",46047,61056.0,17.5,354.0,3.5,113.0,0.394912723096906
"Faulk County, South Dakota",46049,58000.0,14.3,70.0,4.2,42.0,0.3458594556829075
"Grant County, South Dakota",46051,73818.0,6.4,130.0,3.6,153.0,-0.5442346526577412
"Gregory County, South Dakota",46053,52432.0,6.9,69.0,3.0,62.0,-0.18527571107201157
"Haakon County, South Dakota",46055,59231.0,6.0,29.0,0.0,0.0,-0.7869929385779013
"Hamlin County, South Dakota",46057,83194.0,4.2,68.0,1.8,56.0,-1.1127072298681469
"Hand County, South Dakota",46059,72054.0,3.4,26.0,1.2,19.0,-1.0330679132010971
"Hanson County, South Dakota",46061,86375.0,3.0,25.0,1.6,29.0,-1.2778484884945522
"Harding County, South Dakota",46063,74766.0,2.8,8.0,1.0,7.0,-1.150930727527794
"Hughes County, South Dakota",46065,78981.0,5.5,246.0,0.6,53.0,-1.1145991384233402
"Hutchinson County, South Dakota",46067,74459.0,3.7,69.0,2.0,74.0,-0.9496171038023276
"Hyde County, South Dakota",46069,74279.0,4.2,15.0,2.6,18.0,-0.831462113011537
"Jackson County, South Dakota",46071,26686.0,38.9,213.0,8.4,76.0,3.0954531208619844
"Jerauld County, South Dakota",46073,75417.0,6.4,33.0,1.1,11.0,-0.9198647899139955
"Jones County, South Dakota",46075,64688.0,14.2,33.0,0.0,0.0,-0.3682701749485375
"Kingsbury County, South Dakota",46077,70221.0,8.0,102.0,1.3,33.0,-0.6905805969321882
"Lake County, South Dakota",46079,73792.0,4.9,140.0,2.4,147.0,-0.8050558959671262
"Lawrence County, South Dakota",46081,66766.0,6.5,416.0,2.3,334.0,-0.5820994701468648
"Lincoln County, South Dakota",46083,96552.0,4.0,754.0,1.6,611.0,-1.4090659015104812
"Lyman County, South Dakota",46085,61169.0,17.5,131.0,3.7,59.0,0.42034607873506474
"McCook County, South Dakota",46087,80847.0,4.9,74.0,1.7,52.0,-1.036856016211706
"McPherson County, South Dakota",46089,62024.0,8.4,45.0,0.6,7.0,-0.6045603730314962
"Marshall County, South Dakota",46091,72500.0,2.0,21.0,1.1,24.0,-1.1447589086975152
"Meade County, South Dakota",46093,74161.0,4.4,357.0,3.5,549.0,-0.6922421314053068
"Mellette County, South Dakota",46095,51364.0,30.9,124.0,14.7,114.0,2.9813445347003182
"Miner County, South Dakota",46097,72589.0,5.0,28.0,0.8,10.0,-0.9964108912679741
"Minnehaha County, South Dakota",46099,76074.0,5.9,2882.0,2.3,2600.0,-0.7987708754749532
"Moody County, South Dakota",46101,77500.0,6.9,119.0,3.1,98.0,-0.6518861115153282
"Oglala Lakota County, South Dakota",46102,34769.0,48.8,1101.0,12.9,461.0,4.19331564463805
"Pennington County, South Dakota",46103,70768.0,7.2,1948.0,3.3,1895.0,-0.4761281429729194
"Perkins County, South Dakota",46105,65455.0,8.7,74.0,3.5,57.0,-0.25098346448748976
"Potter County, South Dakota",46107,71726.0,5.5,36.0,2.9,35.0,-0.6581748216790645
"Roberts County, South Dakota",46109,63691.0,13.8,330.0,6.2,288.0,0.48087611868069
"Sanborn County, South Dakota",46111,69870.0,6.8,38.0,1.1,14.0,-0.7880336625104846
"Spink County, South Dakota",46115,73011.0,4.3,67.0,1.6,49.0,-0.938774677300673
"Stanley County, South Dakota",46117,77000.0,1.7,13.0,0.3,6.0,-1.3605389856492842
"Sully County, South Dakota",46119,70250.0,3.8,14.0,0.0,0.0,-1.1385621465420799
"Todd County, South Dakota",46121,39148.0,38.4,672.0,17.4,489.0,4.066670653725483
"Tripp County, South Dakota",46123,58854.0,15.8,228.0,1.6,43.0,0.06643324585421702
"Turner County, South Dakota",46125,75283.0,5.5,130.0,1.3,61.0,-0.9471334644025721
"Union County, South Dakota",46127,84137.0,6.1,291.0,3.5,318.0,-0.7749353900278289
"Walworth County, South Dakota",46129,62722.0,11.4,169.0,3.7,93.0,0.0012982092951921802
"Yankton County, South Dakota",46135,73855.0,5.5,306.0,1.6,191.0,-0.8783685135063887
"Ziebach County, South Dakota",46137,47333.0,34.0,193.0,24.2,276.0,4.56737804409993
"Anderson County, Tennessee",47001,63171.0,9.2,1858.0,5.0,1789.0,0.03168827569488647
"Bedford County, Tennessee",47003,62197.0,12.5,1719.0,4.0,1008.0,0.1229568983974171
"Benton County, Tennessee",47005,50435.0,12.9,544.0,5.4,348.0,0.5670863738453477
"Bledsoe County, Tennessee",47007,49655.0,19.0,696.0,5.2,310.0,0.9437213465823318
"Blount County, Tennessee",47009,74607.0,5.9,2206.0,3.7,2572.0,-0.5774644698406192
"Bradley County, Tennessee",47011,63789.0,9.7,2791.0,5.9,3204.0,0.175948557776795
"Campbell County, Tennessee",47013,50260.0,15.5,1686.0,5.2,876.0,0.7087662816422636
"Cannon County, Tennessee",47015,58092.0,13.2,485.0,2.4,156.0,0.025507010387798273
"Carroll County, Tennessee",47017,50391.0,11.6,857.0,4.2,523.0,0.31937355495570635
"Carter County, Tennessee",47019,48435.0,12.7,1896.0,6.8,1695.0,0.7858438664895832
"Cheatham County, Tennessee",47021,82015.0,5.9,676.0,3.8,842.0,-0.7056339050433901
"Chester County, Tennessee",47023,60543.0,12.6,559.0,5.4,401.0,0.35422875586862285
"Claiborne County, Tennessee",47025,46587.0,10.3,870.0,4.6,645.0,0.3645097251057579
"Clay County, Tennessee",47027,44712.0,14.4,299.0,5.2,152.0,0.744890566286864
"Cocke County, Tennessee",47029,48416.0,16.2,1630.0,4.4,694.0,0.6783816561558265
"Coffee County, Tennessee",47031,60656.0,11.9,1796.0,4.0,1090.0,0.11419863190821213
"Crockett County, Tennessee",47033,59049.0,11.4,437.0,3.4,225.0,0.03029018726039186
"Cumberland County, Tennessee",47035,58475.0,7.9,1463.0,4.9,1185.0,0.024921677831880654
"Davidson County, Tennessee",47037,75664.0,10.0,16344.0,4.6,18969.0,-0.21187488435725862
"Decatur County, Tennessee",47039,46190.0,16.7,498.0,8.3,385.0,1.2911288832986123
"DeKalb County, Tennessee",47041,48484.0,15.6,857.0,6.0,540.0,0.8595794261368641
"Dickson County, Tennessee",47043,73223.0,7.0,1026.0,3.0,820.0,-0.5773382642643682
"Dyer County, Tennessee",47045,54973.0,11.5,1072.0,3.8,636.0,0.16998331141349313
"Fayette County, Tennessee",47047,84764.0,7.9,958.0,4.8,1005.0,-0.4926872111845262
"Fentress County, Tennessee",47049,50865.0,13.8,673.0,4.4,330.0,0.47828675364086287
"Franklin County, Tennessee",47051,61553.0,8.1,881.0,2.9,588.0,-0.2972916488698582
"Gibson County, Tennessee",47053,59009.0,10.0,1310.0,5.2,1195.0,0.1901027455978653
"Giles County, Tennessee",47055,61476.0,10.6,823.0,5.1,722.0,0.16731544138300572
"Grainger County, Tennessee",47057,51351.0,12.1,772.0,5.2,541.0,0.47087911646619723
"Greene County, Tennessee",47059,54071.0,10.1,1861.0,5.4,1674.0,0.31871655052080156
"Grundy County, Tennessee",47061,45573.0,14.9,508.0,7.2,396.0,1.036287979652912
"Hamblen County, Tennessee",47063,52794.0,12.5,2134.0,6.1,1819.0,0.5929471440032232
"Hamilton County, Tennessee",47065,72568.0,8.4,7979.0,4.2,8045.0,-0.3098478885433387
"Hancock County, Tennessee",47067,31995.0,25.9,449.0,7.3,180.0,2.012290581814081
"Hardeman County, Tennessee",47069,46173.0,13.6,763.0,11.2,1139.0,1.4938052371550483
"Hardin County, Tennessee",47071,49149.0,15.8,1113.0,4.3,482.0,0.6250078538852123
"Hawkins County, Tennessee",47073,55278.0,13.2,2112.0,8.4,2030.0,0.9074027955208025
"Haywood County, Tennessee",47075,43513.0,18.4,812.0,6.6,515.0,1.2163303002837387
"Henderson County, Tennessee",47077,53471.0,13.5,947.0,7.1,860.0,0.7817848622441187
"Henry County, Tennessee",47079,48540.0,13.5,1085.0,3.4,451.0,0.3657038849634235
"Hickman County, Tennessee",47081,57223.0,8.6,564.0,3.2,351.0,-0.14100332448421096
"Houston County, Tennessee",47083,54475.0,6.3,129.0,6.7,238.0,0.24786126813278633
"Humphreys County, Tennessee",47085,59333.0,8.7,419.0,9.8,837.0,0.7357060945684378
"Jackson County, Tennessee",47087,41475.0,17.3,503.0,7.7,393.0,1.3369820540697346
"Jefferson County, Tennessee",47089,63084.0,8.4,1283.0,5.4,1497.0,0.037499532305683314
"Johnson County, Tennessee",47091,52152.0,14.2,679.0,3.7,253.0,0.3825530639321925
"Knox County, Tennessee",47093,71662.0,7.4,8899.0,3.6,9180.0,-0.43909915376474284
"Lake County, Tennessee",47095,30500.0,33.4,394.0,4.3,69.0,2.105587428860607
"Lauderdale County, Tennessee",47097,49205.0,15.9,973.0,5.1,489.0,0.7407120601963088
"Lawrence County, Tennessee",47099,53233.0,14.9,1693.0,5.6,1144.0,0.6686983471003015
"Lewis County, Tennessee",47101,49477.0,12.9,445.0,3.5,199.0,0.32325602237880297
"Lincoln County, Tennessee",47103,63115.0,10.7,1047.0,3.8,643.0,-0.03710602553452008
"Loudon County, Tennessee",47105,80296.0,9.3,1543.0,2.7,690.0,-0.6075056281380083
"McMinn County, Tennessee",47107,59674.0,9.5,1397.0,5.3,1291.0,0.1592492975933467
"McNairy County, Tennessee",47109,50714.0,12.7,848.0,5.7,625.0,0.5903744524004233
"Macon County, Tennessee",47111,56269.0,9.1,568.0,3.6,462.0,-0.03561410846951799
"Madison County, Tennessee",47113,58189.0,14.8,3709.0,7.3,3546.0,0.8019293051572798
"Marion County, Tennessee",47115,58103.0,12.9,1053.0,7.7,985.0,0.7375223256810918
"Marshall County, Tennessee",47117,70829.0,11.3,1044.0,4.5,790.0,-0.050052570182498514
"Maury County, Tennessee",47119,74162.0,6.7,1898.0,2.5,1320.0,-0.6834760075986578
"Meigs County, Tennessee",47121,58395.0,10.7,369.0,6.8,359.0,0.4673330854828273
"Monroe County, Tennessee",47123,56648.0,11.9,1565.0,5.3,1040.0,0.37040198249470885
"Montgomery County, Tennessee",47125,72365.0,8.7,5100.0,5.5,5624.0,-0.1074193746455599
"Moore County, Tennessee",47127,66687.0,6.9,129.0,5.1,161.0,-0.16867370757610542
"Morgan County, Tennessee",47129,57408.0,15.7,792.0,6.0,494.0,0.6949392361670195
"Obion County, Tennessee",47131,53102.0,12.8,978.0,3.8,506.0,0.2888021954550739
"Overton County, Tennessee",47133,46159.0,15.5,945.0,2.9,306.0,0.46997138739355077
"Perry County, Tennessee",47135,50489.0,10.9,237.0,8.9,318.0,0.9213978901437443
"Pickett County, Tennessee",47137,44591.0,14.7,187.0,3.5,65.0,0.5317638421449653
"Polk County, Tennessee",47139,60227.0,8.2,401.0,4.2,342.0,-0.0861051300974028
"Putnam County, Tennessee",47141,56537.0,11.7,2395.0,3.8,1525.0,0.15277386454158667
"Rhea County, Tennessee",47143,58133.0,12.6,1236.0,6.3,918.0,0.5246097711358374
"Roane County, Tennessee",47145,66218.0,8.6,1309.0,4.8,1169.0,-0.09259456826689437
"Robertson County, Tennessee",47147,78439.0,7.7,1581.0,3.5,1347.0,-0.5636296526004558
"Rutherford County, Tennessee",47149,82588.0,5.9,5114.0,3.3,6480.0,-0.7856123250427102
"Scott County, Tennessee",47151,42679.0,20.2,1175.0,7.4,670.0,1.4575801793598429
"Sequatchie County, Tennessee",47153,52260.0,21.7,989.0,4.9,320.0,1.0247068654069618
"Sevier County, Tennessee",47155,63829.0,10.2,2700.0,3.4,1687.0,-0.13789581733303355
"Shelby County, Tennessee",47157,62337.0,13.4,29148.0,7.2,33045.0,0.619292191126292
"Smith County, Tennessee",47159,62799.0,10.4,570.0,3.1,303.0,-0.14679153094498068
"Stewart County, Tennessee",47161,62052.0,7.8,245.0,3.0,178.0,-0.31220036085465547
"Sullivan County, Tennessee",47163,56802.0,11.1,4802.0,6.0,4538.0,0.41299302743167354
"Sumner County, Tennessee",47165,86005.0,6.3,3424.0,3.2,3430.0,-0.8393691510501443
"Tipton County, Tennessee",47167,71736.0,9.5,1587.0,5.5,1619.0,-0.04431117993153429
"Trousdale County, Tennessee",47169,63190.0,9.8,252.0,0.6,31.0,-0.5375616357903891
"Unicoi County, Tennessee",47171,50381.0,9.9,476.0,5.2,413.0,0.34907031236775526
"Union County, Tennessee",47173,61858.0,11.1,663.0,4.1,364.0,0.05390877081469612
"Van Buren County, Tennessee",47175,60281.0,12.0,205.0,3.7,102.0,0.08636858923784296
"Warren County, Tennessee",47177,54088.0,10.7,1133.0,3.8,720.0,0.13588981779653359
"Washington County, Tennessee",47179,61051.0,9.7,3340.0,5.0,3352.0,0.10422519194663192
"Wayne County, Tennessee",47181,52824.0,12.0,451.0,3.8,254.0,0.2430759914246936
"Weakley County, Tennessee",47183,49502.0,13.6,1154.0,3.0,435.0,0.29845175761878234
"White County, Tennessee",47185,52206.0,9.5,695.0,4.6,560.0,0.20577183523033238
"Williamson County, Tennessee",47187,131202.0,3.1,2151.0,2.0,2644.0,-2.0753455411907384
"Wilson County, Tennessee",47189,94048.0,5.4,2257.0,3.5,2805.0,-1.0095445825008336
"Anderson County, Texas",48001,58846.0,12.4,1531.0,5.3,1157.0,0.3601875913903571
"Andrews County, Texas",48003,76902.0,11.1,562.0,2.3,214.0,-0.4827887313289822
"Angelina County, Texas",48005,58847.0,11.3,2561.0,5.4,2174.0,0.30376881424001084
"Aransas County, Texas",48007,61754.0,14.4,1013.0,6.2,602.0,0.5562877077693636
"Archer County, Texas",48009,71958.0,6.6,157.0,3.4,141.0,-0.523424565252096
"Armstrong County, Texas",48011,68462.0,5.5,32.0,0.9,8.0,-0.8716118310717889
"Atascosa County, Texas",48013,69413.0,13.5,1655.0,4.5,1003.0,0.11748217633179531
"Austin County, Texas",48015,75994.0,12.8,1159.0,4.2,615.0,-0.094708381951633
"Bailey County, Texas",48017,70625.0,4.6,79.0,0.5,12.0,-1.025697581782547
"Bandera County, Texas",48019,69703.0,9.5,552.0,7.4,704.0,0.2568394958291481
"Bastrop County, Texas",48021,82730.0,9.8,2431.0,4.6,2262.0,-0.36005306659214215
"Baylor County, Texas",48023,42313.0,14.3,143.0,3.8,55.0,0.5912914852663905
"Bee County, Texas",48025,56075.0,14.2,779.0,5.9,688.0,0.6109597388712671
"Bell County, Texas",48027,66051.0,11.3,10564.0,7.3,12188.0,0.4278991504804823
"Bexar County, Texas",48029,70571.0,11.3,54489.0,5.5,56081.0,0.09288640021627766
"Blanco County, Texas",48031,87564.0,7.4,253.0,3.5,204.0,-0.7576487955584117
"Borden County, Texas",48033,64250.0,6.2,13.0,0.3,1.0,-0.8290165530853111
"Bosque County, Texas",48035,69339.0,6.2,334.0,4.1,328.0,-0.4021640711436291
"Bowie County, Texas",48037,59295.0,12.1,2749.0,3.7,1454.0,0.11164629086107913
"Brazoria County, Texas",48039,95155.0,5.9,5680.0,4.5,8453.0,-0.8608561683227526
"Brazos County, Texas",48041,58388.0,12.4,6003.0,4.6,5688.0,0.27236861337976487
"Brewster County, Texas",48043,52612.0,3.6,88.0,2.2,109.0,-0.5097181661855045
"Briscoe County, Texas",48045,41188.0,12.5,37.0,0.0,0.0,-0.026399361744297467
"Brooks County, Texas",48047,31310.0,28.9,502.0,3.5,123.0,1.6924906795584604
"Brown County, Texas",48049,55305.0,11.6,1118.0,4.8,854.0,0.3079970977492597
"Burleson County, Texas",48051,72888.0,8.5,431.0,2.9,242.0,-0.4889916865394444
"Burnet County, Texas",48053,77158.0,5.4,734.0,2.3,569.0,-0.8514536105268569
"Caldwell County, Texas",48055,68503.0,7.3,804.0,3.2,691.0,-0.4401388020675978
"Calhoun County, Texas",48057,71870.0,6.8,403.0,4.5,458.0,-0.35718059379961153
"Callahan County, Texas",48059,68455.0,6.7,228.0,5.2,337.0,-0.20152014130218684
"Cameron County, Texas",48061,51334.0,21.0,21565.0,5.7,10484.0,1.108176512055138
"Camp County, Texas",48063,55061.0,17.4,558.0,5.8,319.0,0.8208083289044739
"Carson County, Texas",48065,84583.0,2.8,41.0,1.3,38.0,-1.2976679654271905
"Cass County, Texas",48067,54328.0,12.6,983.0,6.0,698.0,0.5561314324199359
"Castro County, Texas",48069,63485.0,15.4,289.0,2.7,95.0,0.10395063584547963
"Chambers County, Texas",48071,108114.0,10.6,1387.0,7.3,1811.0,-0.42287957282004407
"Cherokee County, Texas",48073,59830.0,14.8,2007.0,6.2,1328.0,0.6186866937761306
"Childress County, Texas",48075,60333.0,8.8,128.0,0.5,15.0,-0.5604261203045752
"Clay County, Texas",48077,77355.0,5.9,182.0,1.9,94.0,-0.8785181379753649
"Cochran County, Texas",48079,42137.0,20.9,132.0,6.2,68.0,1.3470458417540785
"Coke County, Texas",48081,46431.0,10.2,88.0,6.0,88.0,0.554310042157446
"Coleman County, Texas",48083,52364.0,12.0,224.0,5.9,214.0,0.5416801921751091
"Collin County, Texas",48085,117588.0,4.6,13583.0,4.1,25247.0,-1.4289285578320703
"Collingsworth County, Texas",48087,60165.0,25.4,173.0,1.2,17.0,0.5987575002962423
"Colorado County, Texas",48089,68554.0,4.6,235.0,3.9,369.0,-0.5168267798047284
"Comal County, Texas",48091,99015.0,4.0,1948.0,3.5,3043.0,-1.1940777727328957
"Comanche County, Texas",48093,59946.0,10.0,369.0,6.7,453.0,0.37913771093677234
"Concho County, Texas",48095,59632.0,11.5,60.0,1.0,11.0,-0.3056878614089653
"Cooke County, Texas",48097,72472.0,10.9,1251.0,4.3,924.0,-0.13466531487609856
"Coryell County, Texas",48099,68904.0,6.6,1231.0,6.5,1775.0,-0.037113665065423275
"Cottle County, Texas",48101,58819.0,22.3,74.0,6.4,39.0,1.1442907212924538
"Crane County, Texas",48103,59915.0,3.5,39.0,3.7,84.0,-0.4490646619825254
"Crockett County, Texas",48105,81739.0,1.6,15.0,2.8,41.0,-1.1127537100370704
"Crosby County, Texas",48107,52197.0,16.9,243.0,6.2,149.0,0.8989839579552772
"Culberson County, Texas",48109,42672.0,11.3,45.0,0.6,6.0,-0.04862318681569359
"Dallam County, Texas",48111,72332.0,4.8,80.0,1.4,56.0,-0.921452388486849
"Dallas County, Texas",48113,74149.0,10.9,66357.0,4.9,67955.0,-0.08400703796682328
"Dawson County, Texas",48115,55789.0,15.9,431.0,7.9,401.0,1.0009193727583225
"Deaf Smith County, Texas",48117,54114.0,12.4,547.0,3.3,280.0,0.1748837267865977
"Delta County, Texas",48119,62855.0,9.9,146.0,3.3,81.0,-0.15217448106430534
"Denton County, Texas",48121,108185.0,4.4,10742.0,4.0,21327.0,-1.2752898764358374
"DeWitt County, Texas",48123,64014.0,12.9,579.0,4.2,329.0,0.14126127730776183
"Dickens County, Texas",48125,50417.0,12.0,55.0,6.7,49.0,0.6893886926219723
"Dimmit County, Texas",48127,33409.0,36.8,800.0,6.8,183.0,2.6118039971829723
"Donley County, Texas",48129,56648.0,4.1,32.0,0.0,0.0,-0.8587445776848077
"Duval County, Texas",48131,50081.0,18.2,328.0,7.9,299.0,1.257088889473726
"Eastland County, Texas",48133,51741.0,8.8,420.0,4.9,401.0,0.21140945984673898
"Ector County, Texas",48135,71031.0,12.0,5010.0,5.6,4469.0,0.14254243268426148
"Edwards County, Texas",48137,38500.0,26.7,63.0,0.0,0.0,0.9313203893275723
"Ellis County, Texas",48139,95898.0,6.5,3530.0,4.0,4355.0,-0.9058021109979423
"El Paso County, Texas",48141,58859.0,16.3,34766.0,6.2,24609.0,0.7330212046105685
"Erath County, Texas",48143,65351.0,9.6,1023.0,5.3,1188.0,0.056835484414897885
"Falls County, Texas",48145,55372.0,10.2,379.0,7.2,478.0,0.5485558330768497
"Fannin County, Texas",48147,68377.0,9.5,849.0,4.5,740.0,-0.11793299453897105
"Fayette County, Texas",48149,76541.0,6.0,404.0,2.9,333.0,-0.7185421010073408
"Fisher County, Texas",48151,64700.0,9.7,109.0,3.6,64.0,-0.1588976455198012
"Floyd County, Texas",48153,55461.0,16.6,224.0,3.8,91.0,0.4860995727306201
"Foard County, Texas",48155,42212.0,16.5,41.0,6.7,35.0,1.1338095290920451
"Fort Bend County, Texas",48157,113409.0,5.9,13659.0,5.0,21887.0,-1.1416834138151513
"Franklin County, Texas",48159,66800.0,6.8,184.0,6.4,314.0,0.0021719625633096853
"Freestone County, Texas",48161,58460.0,10.8,499.0,1.9,139.0,-0.2037043460025668
"Frio County, Texas",48163,60098.0,17.1,629.0,5.3,375.0,0.6361354170789183
"Gaines County, Texas",48165,76605.0,5.4,293.0,2.2,196.0,-0.8546552294987148
"Galveston County, Texas",48167,85348.0,8.2,7732.0,5.5,9887.0,-0.3881377294821326
"Garza County, Texas",48169,50545.0,5.5,53.0,6.9,130.0,0.29972188713188164
"Gillespie County, Texas",48171,67799.0,7.6,560.0,3.8,487.0,-0.32470520267501235
"Glasscock County, Texas",48173,106806.0,6.3,22.0,1.2,6.0,-1.5139942594527065
"Goliad County, Texas",48175,59556.0,5.7,105.0,5.5,165.0,-0.05339628542749939
"Gonzales County, Texas",48177,59355.0,11.4,569.0,1.4,127.0,-0.2515632573480034
"Gray County, Texas",48179,56082.0,14.4,782.0,5.3,503.0,0.5407923029819958
"Grayson County, Texas",48181,70455.0,7.9,2884.0,3.6,2442.0,-0.3840592138020471
"Gregg County, Texas",48183,64809.0,12.8,4041.0,3.7,2179.0,0.050646656106710264
"Grimes County, Texas",48185,67080.0,10.9,795.0,4.6,586.0,0.010066792657317108
"Guadalupe County, Texas",48187,93776.0,6.6,3142.0,4.4,3925.0,-0.8035559656715695
"Hale County, Texas",48189,52788.0,14.8,1152.0,4.1,597.0,0.46385282831646113
"Hall County, Texas",48191,46728.0,9.9,79.0,9.3,111.0,0.9848551981936926
"Hamilton County, Texas",48193,55339.0,15.4,280.0,6.1,223.0,0.7292443632953435
"Hansford County, Texas",48195,68299.0,8.5,110.0,5.5,145.0,-0.04226093031998155
"Hardeman County, Texas",48197,61179.0,10.3,79.0,1.6,29.0,-0.32911903533710857
"Hardin County, Texas",48199,72532.0,9.9,1586.0,5.2,1323.0,-0.07543737851805059
"Harris County, Texas",48201,73104.0,12.8,147488.0,6.4,158268.0,0.2642644479242388
"Harrison County, Texas",48203,66040.0,13.3,2420.0,6.0,2005.0,0.3763516672827299
"Hartley County, Texas",48205,82122.0,6.9,82.0,2.4,43.0,-0.8370595687683876
"Haskell County, Texas",48207,54044.0,8.4,116.0,5.4,133.0,0.21074451111511336
"Hays County, Texas",48209,85827.0,6.2,3800.0,4.6,6430.0,-0.6491472201119732
"Hemphill County, Texas",48211,72052.0,1.7,15.0,4.8,77.0,-0.6447385375769915
"Henderson County, Texas",48213,63955.0,10.6,2365.0,5.0,1836.0,0.10600776314674609
"Hidalgo County, Texas",48215,52281.0,24.0,49604.0,7.6,28197.0,1.5436696845178801
"Hill County, Texas",48217,63147.0,10.7,959.0,4.2,702.0,0.01747855364987595
"Hockley County, Texas",48219,54810.0,10.9,634.0,4.9,491.0,0.2866107325194121
"Hood County, Texas",48221,86802.0,6.1,1120.0,6.2,1848.0,-0.4534227718057548
"Hopkins County, Texas",48223,64725.0,9.4,930.0,4.5,824.0,-0.05432682318453728
"Houston County, Texas",48225,54563.0,8.8,454.0,6.6,546.0,0.39191869869434554
"Howard County, Texas",48227,71457.0,10.4,781.0,5.0,713.0,-0.0505260397475303
"Hudspeth County, Texas",48229,39336.0,14.0,83.0,11.9,127.0,1.7469544822769925
"Hunt County, Texas",48231,70112.0,9.4,2500.0,5.5,2776.0,-0.019570143203817798
"Hutchinson County, Texas",48233,65470.0,8.3,374.0,2.3,214.0,-0.44239137094772146
"Irion County, Texas",48235,58125.0,7.6,30.0,0.6,4.0,-0.5808927642002674
"Jack County, Texas",48237,65693.0,9.3,196.0,9.8,339.0,0.6521117556502708
"Jackson County, Texas",48239,61752.0,11.9,489.0,5.5,359.0,0.3001864787039002
"Jasper County, Texas",48241,49919.0,19.7,1797.0,14.0,2037.0,2.197686502981062
"Jeff Davis County, Texas",48243,32625.0,21.6,106.0,0.0,0.0,0.7184420373961092
"Jefferson County, Texas",48245,59934.0,15.4,9326.0,5.5,6082.0,0.5583878002032425
"Jim Hogg County, Texas",48247,42230.0,31.3,267.0,8.4,159.0,2.312551976859933
"Jim Wells County, Texas",48249,47492.0,18.2,1825.0,5.6,902.0,0.9893176226630817
"Johnson County, Texas",48251,81826.0,8.0,3917.0,3.6,3322.0,-0.5955943665093559
"Jones County, Texas",48253,63472.0,10.6,462.0,4.9,340.0,0.10146464544516919
"Karnes County, Texas",48255,59103.0,15.8,482.0,4.6,243.0,0.4756451113290801
"Kaufman County, Texas",48257,88606.0,7.7,2941.0,4.8,3967.0,-0.5790797947820644
"Kendall County, Texas",48259,110498.0,3.8,512.0,4.7,1076.0,-1.261311017573391
"Kenedy County, Texas",48261,,0.0,0.0,0.0,0.0,
"Kent County, Texas",48263,71420.0,1.1,2.0,8.8,25.0,-0.1189387658194437
"Kerr County, Texas",48265,67927.0,7.6,1104.0,2.9,712.0,-0.4513533593533863
"Kimble County, Texas",48267,65703.0,10.8,118.0,1.1,23.0,-0.45290680748645884
"King County, Texas",48269,70192.0,16.9,14.0,0.0,0.0,-0.3014434909919283
"Kinney County, Texas",48271,66341.0,1.8,11.0,1.6,24.0,-0.9704923576701461
"Kleberg County, Texas",48273,57612.0,20.2,1481.0,7.6,1093.0,1.198999089648914
"Knox County, Texas",48275,56304.0,8.0,75.0,1.3,19.0,-0.423871485196476
"Lamar County, Texas",48277,61122.0,15.1,2048.0,3.9,933.0,0.2956841059416449
"Lamb County, Texas",48279,56997.0,11.3,360.0,2.9,171.0,-0.005763764176229665
"Lampasas County, Texas",48281,76919.0,6.9,408.0,4.7,450.0,-0.4199603290724471
"La Salle County, Texas",48283,55469.0,14.5,182.0,2.5,53.0,0.17253688257671332
"Lavaca County, Texas",48285,61768.0,7.4,420.0,3.0,295.0,-0.3322846440725704
"Lee County, Texas",48287,66000.0,11.2,554.0,5.3,436.0,0.14650561559188888
"Leon County, Texas",48289,59975.0,9.9,443.0,3.9,255.0,-0.014184636850320731
"Liberty County, Texas",48291,64773.0,14.7,3228.0,7.1,2743.0,0.6417711158183786
"Limestone County, Texas",48293,58109.0,13.4,758.0,3.2,274.0,0.14834035693578926
"Lipscomb County, Texas",48295,71442.0,13.0,103.0,7.4,101.0,0.4468735175911958
"Live Oak County, Texas",48297,53869.0,16.9,458.0,5.4,219.0,0.756545631089453
"Llano County, Texas",48299,65636.0,8.5,581.0,5.3,481.0,-0.018825403661232542
"Loving County, Texas",48301,51087.0,0.0,0.0,0.0,0.0,-1.013823171614787
"Lubbock County, Texas",48303,63367.0,11.5,8504.0,4.7,7618.0,0.13331357988235795
"Lynn County, Texas",48305,57411.0,17.1,256.0,4.3,113.0,0.5496352146661788
"McCulloch County, Texas",48307,51919.0,13.1,250.0,10.5,368.0,1.2551824741473883
"McLennan County, Texas",48309,63888.0,11.1,7010.0,4.5,5753.0,0.07020314339939732
"McMullen County, Texas",48311,45833.0,12.1,15.0,0.0,0.0,-0.1409443198020001
"Madison County, Texas",48313,67128.0,13.9,397.0,5.9,322.0,0.37999188804333545
"Marion County, Texas",48315,47447.0,12.0,299.0,8.4,334.0,0.9808973692200458
"Martin County, Texas",48317,77083.0,3.3,54.0,6.3,160.0,-0.43205434283083743
"Mason County, Texas",48319,68750.0,0.8,9.0,2.3,38.0,-0.9838802037012323
"Matagorda County, Texas",48321,55174.0,17.8,1789.0,6.9,1128.0,0.9959637501794383
"Maverick County, Texas",48323,51270.0,19.7,2794.0,7.6,1847.0,1.2886302055526329
"Medina County, Texas",48325,73462.0,8.1,1058.0,3.2,739.0,-0.48412053452028636
"Menard County, Texas",48327,48191.0,11.6,54.0,14.4,121.0,1.7690797551411273
"Midland County, Texas",48329,93984.0,8.0,3511.0,3.7,3289.0,-0.8147940726573472
"Milam County, Texas",48331,59076.0,12.2,819.0,5.4,606.0,0.3568158011829596
"Mills County, Texas",48333,64494.0,6.6,87.0,3.9,79.0,-0.3113851774457201
"Mitchell County, Texas",48335,56033.0,4.4,69.0,4.7,182.0,-0.17923878170355104
"Montague County, Texas",48337,62818.0,9.2,493.0,5.3,445.0,0.07985163895609883
"Montgomery County, Texas",48339,97266.0,7.1,12390.0,4.6,14921.0,-0.8109316725997447
"Moore County, Texas",48341,61325.0,15.0,783.0,2.2,219.0,0.05082122390084328
"Morris County, Texas",48343,55082.0,13.4,444.0,7.3,385.0,0.7721284112645247
"Motley County, Texas",48345,62857.0,10.2,30.0,1.0,6.0,-0.45045516373682587
"Nacogdoches County, Texas",48347,51528.0,17.3,2696.0,7.2,2222.0,1.0753263775313218
"Navarro County, Texas",48349,59310.0,12.1,1592.0,3.8,942.0,0.12515828578420624
"Newton County, Texas",48351,41044.0,16.2,544.0,10.5,544.0,1.6614276317977457
"Nolan County, Texas",48353,50160.0,11.8,432.0,5.7,388.0,0.5435558524168844
"Nueces County, Texas",48355,66021.0,13.3,11754.0,5.6,9446.0,0.3215179526199574
"Ochiltree County, Texas",48357,64988.0,11.2,297.0,1.1,55.0,-0.4136774209686965
"Oldham County, Texas",48359,76402.0,13.3,65.0,0.7,6.0,-0.5535997968926533
"Orange County, Texas",48361,73372.0,9.6,2183.0,6.3,2577.0,0.04111348362304671
"Palo Pinto County, Texas",48363,64972.0,12.3,910.0,7.6,1001.0,0.5537931100132899
"Panola County, Texas",48365,62593.0,8.6,499.0,2.6,254.0,-0.3267121949410585
"Parker County, Texas",48367,102099.0,6.0,2537.0,3.9,3118.0,-1.0703478621289457
"Parmer County, Texas",48369,68164.0,7.9,202.0,2.5,120.0,-0.4919479251081212
"Pecos County, Texas",48371,67689.0,19.6,662.0,1.2,75.0,0.0844249906166316
"Polk County, Texas",48373,59066.0,15.5,2048.0,9.0,1838.0,1.0643851810358649
"Potter County, Texas",48375,50448.0,16.0,4192.0,4.0,2037.0,0.5714785611087561
"Presidio County, Texas",48377,29014.0,33.9,374.0,11.1,292.0,3.104337407166017
"Rains County, Texas",48379,64874.0,11.2,397.0,2.4,131.0,-0.23209972828971315
"Randall County, Texas",48381,80905.0,7.2,2687.0,2.9,2200.0,-0.7255941590503566
"Reagan County, Texas",48383,70288.0,5.8,47.0,8.3,122.0,0.13369937906664275
"Real County, Texas",48385,45417.0,11.7,81.0,7.0,51.0,0.8074632058636656
"Red River County, Texas",48387,46912.0,18.4,624.0,2.0,94.0,0.5164158437367332
"Reeves County, Texas",48389,56056.0,16.4,449.0,4.0,242.0,0.48953228379775443
"Refugio County, Texas",48391,58016.0,15.8,241.0,5.7,162.0,0.6482707184778816
"Roberts County, Texas",48393,66118.0,3.6,7.0,0.5,2.0,-1.0031415658738605
"Robertson County, Texas",48395,66250.0,11.7,518.0,8.1,601.0,0.560008067934734
"Rockwall County, Texas",48397,124917.0,3.5,1084.0,4.0,2540.0,-1.6533820055897088
"Runnels County, Texas",48399,63490.0,9.2,235.0,4.3,203.0,-0.0710213382155871
"Rusk County, Texas",48401,67506.0,10.3,1340.0,3.8,842.0,-0.1467832596300993
"Sabine County, Texas",48403,59924.0,9.4,289.0,6.9,263.0,0.3688678398859409
"San Augustine County, Texas",48405,46338.0,17.4,395.0,9.4,277.0,1.4847587566140126
"San Jacinto County, Texas",48407,59526.0,14.5,1116.0,7.1,809.0,0.7295625601410739
"San Patricio County, Texas",48409,67512.0,12.1,2091.0,4.3,1321.0,0.03697025787946137
"San Saba County, Texas",48411,54855.0,11.6,158.0,2.9,72.0,0.05443129835846842
"Schleicher County, Texas",48413,90141.0,8.6,62.0,5.3,58.0,-0.4820640465989677
"Scurry County, Texas",48415,62689.0,7.7,285.0,2.1,145.0,-0.4549848635266088
"Shackelford County, Texas",48417,64659.0,8.2,74.0,6.1,102.0,0.0911485558399426
"Shelby County, Texas",48419,50436.0,19.3,1304.0,4.1,433.0,0.7961052067144551
"Sherman County, Texas",48421,74167.0,6.8,43.0,3.2,38.0,-0.5805938825782615
"Smith County, Texas",48423,71923.0,8.0,4540.0,4.1,4672.0,-0.3368133301060554
"Somervell County, Texas",48425,83382.0,3.2,87.0,4.0,193.0,-0.8765393535824298
"Starr County, Texas",48427,38182.0,29.9,4383.0,10.8,2917.0,2.6319716732274347
"Stephens County, Texas",48429,54695.0,10.8,254.0,5.9,241.0,0.4204274788542828
"Sterling County, Texas",48431,78750.0,1.2,4.0,2.3,13.0,-1.1499959441683199
"Stonewall County, Texas",48433,61250.0,3.4,10.0,2.8,17.0,-0.6052258234165343
"Sutton County, Texas",48435,75000.0,13.5,129.0,4.5,73.0,0.010411413432648642
"Swisher County, Texas",48437,39031.0,24.2,337.0,4.3,120.0,1.3549775524805927
"Tarrant County, Texas",48439,81905.0,8.0,41729.0,4.7,53014.0,-0.4453142953441602
"Taylor County, Texas",48441,66406.0,9.5,3414.0,2.3,1558.0,-0.38374831976963936
"Terrell County, Texas",48443,46989.0,2.5,6.0,0.0,0.0,-0.7757446580793911
"Terry County, Texas",48445,45905.0,19.9,565.0,3.8,192.0,0.8798305290630877
"Throckmorton County, Texas",48447,58864.0,8.8,33.0,2.7,20.0,-0.22868571464199983
"Titus County, Texas",48449,59220.0,13.6,1084.0,3.6,509.0,0.195010159018475
"Tom Green County, Texas",48451,66254.0,7.9,2295.0,3.1,1766.0,-0.372547420434529
"Travis County, Texas",48453,97169.0,7.4,22681.0,4.3,33873.0,-0.8313259140503245
"Trinity County, Texas",48455,51663.0,11.6,439.0,7.1,389.0,0.6951809157724657
"Tyler County, Texas",48457,50647.0,13.0,618.0,8.9,647.0,1.0523863457051619
"Upshur County, Texas",48459,62794.0,11.2,1217.0,4.4,833.0,0.08375112698327607
"Upton County, Texas",48461,52321.0,10.3,85.0,3.8,56.0,0.14422614338109488
"Uvalde County, Texas",48463,57849.0,19.9,1146.0,3.2,341.0,0.5681357636180552
"Val Verde County, Texas",48465,59673.0,14.2,1718.0,4.8,981.0,0.39021265586068704
"Van Zandt County, Texas",48467,68274.0,8.4,1384.0,4.0,1087.0,-0.25515544148213615
"Victoria County, Texas",48469,70101.0,11.9,2758.0,4.3,1876.0,-0.02540949845610599
"Walker County, Texas",48471,49862.0,9.2,1276.0,7.4,2434.0,0.6179325272289301
"Waller County, Texas",48473,76135.0,8.2,1110.0,6.2,1776.0,-0.11498111982707156
"Ward County, Texas",48475,71719.0,13.1,420.0,4.1,218.0,-0.007435395632277446
"Washington County, Texas",48477,75085.0,8.3,804.0,2.6,447.0,-0.5852574267985001
"Webb County, Texas",48479,62506.0,18.4,11736.0,5.5,6638.0,0.7005493180728076
"Wharton County, Texas",48481,66100.0,9.4,1002.0,7.0,1364.0,0.2643087823262252
"Wheeler County, Texas",48483,67964.0,14.7,205.0,3.4,82.0,0.07003795735514029
"Wichita County, Texas",48485,62168.0,11.0,3400.0,3.5,2097.0,-0.0412106395527975
"Wilbarger County, Texas",48487,51626.0,16.8,457.0,9.8,601.0,1.4003255426534853
"Willacy County, Texas",48489,45645.0,18.7,782.0,7.3,645.0,1.291213495791774
"Williamson County, Texas",48491,108309.0,4.4,7530.0,4.0,14239.0,-1.2776662456141967
"Wilson County, Texas",48493,92461.0,6.0,838.0,3.9,958.0,-0.8856426513142018
"Winkler County, Texas",48495,91898.0,7.6,157.0,1.9,69.0,-1.0487346065782703
"Wise County, Texas",48497,89897.0,6.3,1189.0,5.0,1832.0,-0.6655662195630331
"Wood County, Texas",48499,62524.0,9.2,1111.0,5.7,1068.0,0.1406837693674721
"Yoakum County, Texas",48501,82261.0,7.7,154.0,3.4,111.0,-0.6506749421797536
"Young County, Texas",48503,63723.0,13.7,675.0,2.9,254.0,0.01849898340770295
"Zapata County, Texas",48505,36527.0,32.7,1025.0,8.0,413.0,2.4559922322750594
"Zavala County, Texas",48507,41887.0,30.8,827.0,7.4,291.0,2.149222062260347
"Beaver County, Utah",49001,85603.0,5.7,108.0,2.4,76.0,-0.9803511897917412
"Box Elder County, Utah",49003,77865.0,6.2,908.0,3.2,911.0,-0.6897537468531527
"Cache County, Utah",49005,78292.0,7.9,2613.0,2.4,1685.0,-0.699843085967537
"Carbon County, Utah",49007,53673.0,12.0,635.0,5.5,493.0,0.46139633018280984
"Daggett County, Utah",49009,58750.0,4.7,7.0,8.6,29.0,0.32601600324997265
"Davis County, Utah",49011,108058.0,4.8,4315.0,2.5,4699.0,-1.4543209632972898
"Duchesne County, Utah",49013,74738.0,10.6,555.0,3.9,333.0,-0.2524345823357095
"Emery County, Utah",49015,69956.0,6.8,170.0,3.6,155.0,-0.4446953161053244
"Garfield County, Utah",49017,61688.0,6.6,94.0,5.1,124.0,-0.09201673541189433
"Grand County, Utah",49019,62521.0,8.9,225.0,2.9,161.0,-0.2647887894609941
"Iron County, Utah",49021,65527.0,7.6,1059.0,3.4,1007.0,-0.33636182250839913
"Juab County, Utah",49023,89803.0,6.9,217.0,2.3,133.0,-0.9980597668903393
"Kane County, Utah",49025,75000.0,6.4,127.0,4.6,169.0,-0.42889222755604245
"Millard County, Utah",49027,70877.0,8.1,266.0,6.7,393.0,0.04840015992382196
"Morgan County, Utah",49029,126092.0,1.9,60.0,2.2,124.0,-2.0263980216691544
"Piute County, Utah",49031,44650.0,7.2,26.0,7.0,47.0,0.5349841780084388
"Rich County, Utah",49033,76875.0,7.0,47.0,2.7,29.0,-0.688724546230482
"Salt Lake County, Utah",49035,94658.0,5.3,14864.0,3.7,24188.0,-1.0000176016454452
"San Juan County, Utah",49037,54890.0,14.3,500.0,12.1,729.0,1.4956175838119945
"Sanpete County, Utah",49039,67459.0,9.2,616.0,5.0,657.0,-0.05048810363418832
"Sevier County, Utah",49041,73765.0,8.6,493.0,3.4,341.0,-0.43041972071111045
"Summit County, Utah",49043,137058.0,2.8,302.0,2.1,482.0,-2.192917234534177
"Tooele County, Utah",49045,101846.0,2.9,542.0,3.6,1424.0,-1.304731427099026
"Uintah County, Utah",49047,69861.0,7.8,667.0,5.8,904.0,-0.07546927606272504
"Utah County, Utah",49049,96877.0,5.7,9033.0,3.5,12387.0,-1.0446150940437544
"Wasatch County, Utah",49051,115146.0,3.4,322.0,2.4,443.0,-1.693301023976477
"Washington County, Utah",49053,76411.0,6.5,3264.0,3.3,2822.0,-0.6289442414681977
"Wayne County, Utah",49055,70074.0,5.6,48.0,0.8,10.0,-0.9099223555253347
"Weber County, Utah",49057,87083.0,5.1,3424.0,3.0,4195.0,-0.9642079549822764
"Addison County, Vermont",50001,88478.0,4.2,387.0,3.8,781.0,-0.9379820409616003
"Bennington County, Vermont",50003,71494.0,6.7,600.0,4.2,778.0,-0.3977549398059437
"Caledonia County, Vermont",50005,66075.0,8.2,647.0,2.6,415.0,-0.4189691098178578
"Chittenden County, Vermont",50007,94310.0,4.0,1565.0,3.7,3695.0,-1.0763109759549325
"Essex County, Vermont",50009,58985.0,8.7,144.0,5.6,155.0,0.16279798434308876
"Franklin County, Vermont",50011,79078.0,7.0,930.0,2.8,738.0,-0.7171439687448586
"Grand Isle County, Vermont",50013,90625.0,7.0,139.0,3.4,136.0,-0.8556370127259677
"Lamoille County, Vermont",50015,69897.0,4.1,282.0,3.6,533.0,-0.6158714369665074
"Orange County, Vermont",50017,77328.0,5.5,439.0,2.8,458.0,-0.7793325075283607
"Orleans County, Vermont",50019,66426.0,8.4,629.0,5.2,734.0,-0.05414636777789369
"Rutland County, Vermont",50021,64778.0,7.2,1041.0,4.1,1235.0,-0.25093850875099805
"Washington County, Vermont",50023,79853.0,6.1,916.0,3.0,964.0,-0.7618329624522152
"Windham County, Vermont",50025,68021.0,6.0,648.0,4.3,1052.0,-0.36207011622003016
"Windsor County, Vermont",50027,75247.0,4.4,648.0,3.8,1141.0,-0.6716561491736045
"Accomack County, Virginia",51001,57500.0,10.2,931.0,3.8,577.0,0.03859266784768817
"Albemarle County, Virginia",51003,102617.0,3.7,1038.0,3.3,1939.0,-1.3098515837892963
"Alleghany County and Clifton Forge City, Virginia",51005,55160.0,9.7,364.0,2.5,157.0,-0.12786458122968525
"Amelia County, Virginia",51007,66339.0,4.9,176.0,5.3,337.0,-0.26204030062467243
"Amherst County, Virginia",51009,67298.0,7.3,592.0,3.8,595.0,-0.3342491060290331
"Appomattox County, Virginia",51011,62337.0,8.7,396.0,4.2,335.0,-0.09463306565582208
"Arlington County, Virginia",51013,140160.0,5.0,2494.0,3.3,4913.0,-1.9463731416498036
"Augusta County, Virginia",51015,79972.0,5.2,1098.0,3.0,1185.0,-0.8215491145086244
"Bath County, Virginia",51017,61709.0,12.2,138.0,2.0,35.0,-0.16282531916774645
"Bland County, Virginia",51021,61375.0,8.6,127.0,1.7,41.0,-0.4275652474736921
"Botetourt County, Virginia",51023,80467.0,3.3,302.0,2.6,436.0,-1.007486204934587
"Brunswick County, Virginia",51025,52978.0,12.9,494.0,6.3,439.0,0.6425467718511565
"Buchanan County, Virginia",51027,42216.0,17.9,885.0,3.6,218.0,0.7952939182107005
"Buckingham County, Virginia",51029,59199.0,11.0,444.0,4.9,339.0,0.2088804959677936
"Campbell County, Virginia",51031,62608.0,7.1,1040.0,4.7,1308.0,-0.13293702831164317
"Caroline County, Virginia",51033,86267.0,7.2,589.0,4.6,733.0,-0.5937621598239837
"Carroll County, Virginia",51035,52575.0,11.2,908.0,5.0,657.0,0.36238753087451797
"Charles City County, Virginia",51036,70339.0,8.2,147.0,4.9,170.0,-0.18329799118263332
"Charlotte County, Virginia",51037,48892.0,22.9,623.0,2.3,111.0,0.807046991842601
"Chesterfield County, Virginia",51041,98910.0,4.8,4720.0,4.6,9153.0,-0.9892176059211742
"Clarke County, Virginia",51043,114185.0,3.2,127.0,3.5,268.0,-1.5358535821447006
"Craig County, Virginia",51045,67778.0,10.4,136.0,2.3,47.0,-0.35260609065624565
"Culpeper County, Virginia",51047,96098.0,6.3,894.0,2.9,770.0,-1.0741924804179772
"Cumberland County, Virginia",51049,57057.0,3.4,97.0,2.9,147.0,-0.5110705905697256
"Dickenson County, Virginia",51051,43831.0,16.2,635.0,2.7,129.0,0.5316590210295721
"Dinwiddie County, Virginia",51053,83898.0,8.4,623.0,4.8,684.0,-0.4441822864623189
"Essex County, Virginia",51057,56481.0,10.5,283.0,6.3,283.0,0.4222527313201374
"Fairfax County, Virginia",51059,150113.0,4.1,11930.0,4.0,25479.0,-2.097954488407702
"Fauquier County, Virginia",51061,129495.0,4.2,823.0,2.4,939.0,-1.9172352288871908
"Floyd County, Virginia",51063,61401.0,4.4,190.0,3.3,271.0,-0.4753049951183703
"Fluvanna County, Virginia",51065,91959.0,5.9,448.0,3.8,531.0,-0.896203381733763
"Franklin County, Virginia",51067,68348.0,8.5,1317.0,2.6,665.0,-0.4433842885932961
"Frederick County, Virginia",51069,95603.0,4.4,1083.0,4.1,1977.0,-1.0203656029659858
"Giles County, Virginia",51071,64819.0,4.5,184.0,2.3,171.0,-0.672421317228412
"Gloucester County, Virginia",51073,83689.0,3.8,397.0,3.3,651.0,-0.9407285934715032
"Goochland County, Virginia",51075,118695.0,2.7,203.0,2.6,324.0,-1.778388228312312
"Grayson County, Virginia",51077,42864.0,13.0,538.0,3.9,238.0,0.5115688933504355
"Greene County, Virginia",51079,85268.0,8.7,520.0,3.1,338.0,-0.6858829335472331
"Greensville County, Virginia",51081,56759.0,8.2,170.0,6.7,283.0,0.3253430232423497
"Halifax County with South Boston City, Virginia",51083,49244.0,12.5,1037.0,4.0,565.0,0.3711916561981414
"Hanover County, Virginia",51085,109504.0,3.4,1042.0,2.7,1602.0,-1.5437778495512076
"Henrico County, Virginia",51087,86397.0,6.0,5170.0,3.9,7128.0,-0.7694305327853983
"Henry County, Virginia",51089,48445.0,10.3,1251.0,4.1,865.0,0.2599052212823096
"Highland County, Virginia",51091,62946.0,3.6,23.0,16.0,167.0,1.196563626028918
"Isle of Wight County, Virginia",51093,96118.0,5.9,631.0,4.6,913.0,-0.8655118990535348
"James City County, Virginia",51095,107046.0,3.3,738.0,3.5,1286.0,-1.3926581421791608
"King and Queen County, Virginia",51097,72851.0,11.0,212.0,4.9,172.0,-0.05275008486255365
"King George County, Virginia",51099,110517.0,4.2,304.0,3.8,535.0,-1.3603433338798558
"King William County, Virginia",51101,85212.0,5.9,307.0,3.5,351.0,-0.8083004452663302
"Lancaster County, Virginia",51103,67169.0,10.4,331.0,10.0,444.0,0.7216232864134602
"Lee County, Virginia",51105,42269.0,20.9,1130.0,9.3,720.0,1.7722993854709674
"Loudoun County, Virginia",51107,178707.0,2.9,3216.0,3.2,7756.0,-2.8329140323446502
"Louisa County, Virginia",51109,80343.0,6.9,780.0,5.7,1143.0,-0.34758419185689227
"Lunenburg County, Virginia",51111,54460.0,13.6,408.0,3.6,169.0,0.28623207263936956
"Madison County, Virginia",51113,82972.0,4.9,188.0,4.2,299.0,-0.7325936113765046
"Mathews County, Virginia",51115,75487.0,3.8,89.0,6.0,218.0,-0.4109578795943323
"Mecklenburg County, Virginia",51117,51691.0,11.9,937.0,3.0,385.0,0.1480117012837029
"Middlesex County, Virginia",51119,74154.0,8.3,249.0,4.4,204.0,-0.3190252328337472
"Montgomery County, Virginia",51121,70769.0,7.7,1502.0,3.3,1626.0,-0.44423863823166077
"Nelson County, Virginia",51125,68525.0,9.6,382.0,3.3,228.0,-0.2799810795768431
"New Kent County, Virginia",51127,120125.0,4.3,309.0,2.7,343.0,-1.6898859311688337
"Northampton County, Virginia",51131,55933.0,10.8,364.0,4.2,220.0,0.16211131368297182
"Northumberland County, Virginia",51133,69500.0,5.6,192.0,3.7,171.0,-0.49873775677912735
"Nottoway County, Virginia",51135,62161.0,12.0,407.0,5.3,331.0,0.27113110919731603
"Orange County, Virginia",51137,94175.0,7.7,797.0,3.7,674.0,-0.8375996491680189
"Page County, Virginia",51139,59396.0,6.7,415.0,5.0,583.0,-0.05550995928225257
"Patrick County, Virginia",51141,50938.0,8.1,398.0,2.0,155.0,-0.21805807907149463
"Pittsylvania County, Virginia",51143,54115.0,10.4,1671.0,5.0,1330.0,0.28182068840657765
"Powhatan County, Virginia",51145,110667.0,2.1,185.0,3.1,510.0,-1.5938305964085053
"Prince Edward County, Virginia",51147,55082.0,11.2,497.0,2.3,193.0,-0.058242679206225466
"Prince George County, Virginia",51149,88225.0,6.8,673.0,5.6,964.0,-0.5188181415616596
"Prince William County, Virginia",51153,128873.0,4.5,5309.0,4.5,11638.0,-1.5963812153855585
"Pulaski County, Virginia",51155,60767.0,8.8,781.0,3.6,556.0,-0.14096018539304542
"Rappahannock County, Virginia",51157,98125.0,4.5,90.0,7.3,273.0,-0.6207334659968147
"Richmond County, Virginia",51159,64184.0,3.9,71.0,2.9,96.0,-0.615745656513865
"Roanoke County, Virginia",51161,82931.0,3.9,997.0,2.9,1410.0,-0.9750181806001909
"Rockbridge County, Virginia",51163,63975.0,5.1,325.0,3.3,351.0,-0.4799616832245397
"Rockingham County, Virginia",51165,78468.0,6.3,1405.0,2.7,1191.0,-0.7639253610777302
"Russell County, Virginia",51167,49020.0,11.7,807.0,4.4,413.0,0.37962841746567394
"Scott County, Virginia",51169,45136.0,13.6,744.0,2.9,238.0,0.3683234908814772
"Shenandoah County, Virginia",51171,64437.0,8.7,997.0,3.9,833.0,-0.17627640435730818
"Smyth County, Virginia",51173,46859.0,11.6,915.0,3.0,376.0,0.22146824076415575
"Southampton County, Virginia",51175,68465.0,7.0,333.0,6.2,515.0,-0.044571993206182214
"Spotsylvania County, Virginia",51177,109576.0,5.0,1909.0,5.2,3940.0,-1.0980634625718604
"Stafford County, Virginia",51179,133792.0,3.6,1429.0,3.8,3100.0,-1.8446820643220272
"Surry County, Virginia",51181,71458.0,9.9,192.0,5.0,163.0,-0.08245387302392375
"Sussex County, Virginia",51183,62821.0,6.9,165.0,4.4,199.0,-0.1911808617169478
"Tazewell County, Virginia",51185,45788.0,14.6,1514.0,4.8,703.0,0.6818354462413027
"Warren County, Virginia",51187,84331.0,9.3,988.0,4.8,1008.0,-0.3950448101031227
"Washington County, Virginia",51191,62774.0,6.8,969.0,3.7,912.0,-0.29325808749951277
"Westmoreland County, Virginia",51193,59766.0,9.1,415.0,7.5,581.0,0.43554734637612663
"Wise County, Virginia",51195,50740.0,12.8,1211.0,8.4,1165.0,0.9688433065346703
"Wythe County, Virginia",51197,55359.0,10.6,821.0,3.9,508.0,0.11894975885322247
"York County, Virginia",51199,108326.0,3.3,644.0,4.3,1423.0,-1.306792733172345
"Alexandria City, Virginia",51510,113638.0,6.2,2108.0,3.4,3315.0,-1.3477181726690066
"Bristol City, Virginia",51520,44706.0,14.7,602.0,4.4,338.0,0.6537550818044575
"Buena Vista City, Virginia",51530,54458.0,17.0,306.0,2.2,66.0,0.31005692532158485
"Charlottesville City, Virginia",51540,69829.0,9.4,835.0,4.7,1178.0,-0.12454232697534591
"Chesapeake City, Virginia",51550,94189.0,6.3,4238.0,4.9,6111.0,-0.7616187148990158
"Colonial Heights City, Virginia",51570,76250.0,9.3,463.0,3.7,337.0,-0.3919724121938648
"Covington City, Virginia",51580,42724.0,20.6,305.0,2.4,50.0,0.7922717756944543
"Danville City, Virginia",51590,42778.0,18.7,1837.0,4.9,870.0,1.0149704364282328
"Emporia City, Virginia",51595,49375.0,9.0,126.0,3.4,76.0,0.06252370046519802
"Fairfax City, Virginia",51600,132774.0,6.2,363.0,4.5,610.0,-1.5626515485360353
"Falls Church City, Virginia",51610,154734.0,2.3,80.0,6.3,525.0,-1.9839962217258182
"Franklin City, Virginia",51620,65125.0,10.3,242.0,4.7,176.0,0.023041991877660286
"Fredericksburg City, Virginia",51630,85368.0,10.3,600.0,4.6,719.0,-0.3786997354261565
"Galax City, Virginia",51640,41438.0,19.9,337.0,5.5,164.0,1.2000281142095812
"Hampton City, Virginia",51650,67758.0,9.1,3096.0,6.3,4240.0,0.11679301273768755
"Harrisonburg City, Virginia",51660,59752.0,12.5,1120.0,7.1,1886.0,0.5975967596355342
"Hopewell City, Virginia",51670,48681.0,19.6,1166.0,9.3,991.0,1.5664555624057563
"Lexington City, Virginia",51678,89598.0,10.2,99.0,0.7,19.0,-1.0043252195669805
"Lynchburg City, Virginia",51680,59808.0,11.7,1962.0,5.0,1929.0,0.2556810525682326
"Manassas City, Virginia",51683,117919.0,5.9,601.0,3.3,775.0,-1.4627050624670435
"Manassas Park City, Virginia",51685,100668.0,3.3,121.0,3.4,346.0,-1.2842279025708274
"Martinsville City, Virginia",51690,42434.0,16.6,520.0,4.4,256.0,0.8185492399511629
"Newport News City, Virginia",51700,66718.0,11.6,5061.0,5.9,5289.0,0.24106936030537585
"Norfolk City, Virginia",51710,64017.0,12.6,6667.0,6.1,6678.0,0.38424830289589185
"Norton City, Virginia",51720,38497.0,21.2,190.0,5.4,84.0,1.3255533056116577
"Petersburg City, Virginia",51730,50741.0,18.8,1256.0,11.4,1814.0,1.7657119384721645
"Poquoson City, Virginia",51735,120919.0,4.6,172.0,1.8,117.0,-1.8101522886418102
"Portsmouth City, Virginia",51740,58972.0,14.7,3517.0,6.6,2948.0,0.6839457372937604
"Radford City, Virginia",51750,52791.0,14.6,367.0,7.6,659.0,0.9340129306925694
"Richmond City, Virginia",51760,62671.0,12.0,5358.0,6.0,7808.0,0.35795354529440276
"Roanoke City, Virginia",51770,52671.0,14.8,3318.0,5.5,2685.0,0.6592874727347852
"Salem City, Virginia",51775,66716.0,7.3,460.0,3.4,440.0,-0.37829333805135096
"Staunton City, Virginia",51790,62586.0,8.3,513.0,5.0,647.0,-0.014536231994062601
"Suffolk City, Virginia",51800,90089.0,7.7,1971.0,5.3,2501.0,-0.5385031089013489
"Virginia Beach City, Virginia",51810,90685.0,6.6,7897.0,4.3,10036.0,-0.7581186735573285
"Waynesboro City, Virginia",51820,56364.0,9.1,486.0,3.8,438.0,-0.009835796015145781
"Williamsburg City, Virginia",51830,70206.0,3.7,91.0,7.1,494.0,-0.16433906806955834
"Winchester City, Virginia",51840,64648.0,12.3,739.0,5.9,868.0,0.3254115307822811
"Bedford City and County, Virginia",51917,77644.0,5.1,1173.0,3.2,1217.0,-0.7557175155401712
"Adams County, Washington",53001,65042.0,16.1,790.0,4.1,354.0,0.3119764329683075
"Asotin County, Washington",53003,69107.0,9.0,498.0,5.8,597.0,0.015561387304288188
"Benton County, Washington",53005,87316.0,8.4,4422.0,5.0,5018.0,-0.4820868351344661
"Chelan County, Washington",53007,78306.0,6.1,1257.0,4.0,1528.0,-0.5941912511590414
"Clallam County, Washington",53009,67999.0,6.3,1315.0,6.0,1876.0,-0.10791249900540001
"Clark County, Washington",53011,94948.0,5.8,7595.0,5.2,13519.0,-0.7666746861815946
"Columbia County, Washington",53013,71528.0,4.2,51.0,3.4,62.0,-0.6683455414404724
"Cowlitz County, Washington",53015,72932.0,8.5,2422.0,5.1,2538.0,-0.18624681770636778
"Douglas County, Washington",53017,80374.0,5.4,630.0,4.0,887.0,-0.6784950931008117
"Ferry County, Washington",53019,54650.0,6.2,111.0,10.1,277.0,0.7073073913524262
"Franklin County, Washington",53021,82755.0,10.2,2358.0,5.3,2490.0,-0.2384090255177986
"Garfield County, Washington",53023,62411.0,2.8,19.0,7.5,73.0,-0.017191370850893357
"Grant County, Washington",53025,71115.0,11.0,2651.0,6.3,2973.0,0.17371150874741484
"Grays Harbor County, Washington",53027,63539.0,8.9,1635.0,6.6,2115.0,0.22628196681099524
"Island County, Washington",53029,88358.0,4.3,1033.0,4.7,1626.0,-0.8051054646220005
"Jefferson County, Washington",53031,71143.0,7.7,731.0,7.7,983.0,0.155770118910212
"King County, Washington",53033,122148.0,5.1,27836.0,4.6,59490.0,-1.4154116542474646
"Kitsap County, Washington",53035,98546.0,5.6,4086.0,4.8,6125.0,-0.9035890242392369
"Kittitas County, Washington",53037,69928.0,7.3,838.0,5.1,1183.0,-0.2052581635550361
"Klickitat County, Washington",53039,70400.0,8.6,518.0,4.8,507.0,-0.17273953523382315
"Lewis County, Washington",53041,69690.0,8.9,1923.0,5.9,2219.0,0.011806344447358563
"Lincoln County, Washington",53043,71227.0,5.7,178.0,5.5,267.0,-0.27706245220679787
"Mason County, Washington",53045,78359.0,7.7,1337.0,6.6,1842.0,-0.13431328415927493
"Okanogan County, Washington",53047,60293.0,13.1,1536.0,4.8,921.0,0.3081317381494726
"Pacific County, Washington",53049,62350.0,7.7,502.0,4.8,468.0,-0.07590278553202061
"Pend Oreille County, Washington",53051,63750.0,7.2,277.0,6.7,363.0,0.12754829066090068
"Pierce County, Washington",53053,96632.0,5.8,13594.0,5.0,23332.0,-0.826546230638398
"San Juan County, Washington",53055,83682.0,7.8,422.0,3.1,264.0,-0.7129240094011998
"Skagit County, Washington",53057,85474.0,7.2,2532.0,4.9,2972.0,-0.5371665188331086
"Skamania County, Washington",53059,90085.0,5.0,164.0,5.7,348.0,-0.6555354287321864
"Snohomish County, Washington",53061,107982.0,5.2,11101.0,4.4,19445.0,-1.1651478239589774
"Spokane County, Washington",53063,73513.0,7.7,10219.0,5.7,15346.0,-0.16563837395732744
"Stevens County, Washington",53065,67405.0,8.2,1072.0,5.3,1006.0,-0.07187219439328503
"Thurston County, Washington",53067,93985.0,6.5,4961.0,5.2,7504.0,-0.7035473599018177
"Wahkiakum County, Washington",53069,57091.0,13.2,185.0,2.6,42.0,0.07228936009605717
"Walla Walla County, Washington",53071,72212.0,8.4,1232.0,5.7,1698.0,-0.09603352523976433
"Whatcom County, Washington",53073,80989.0,6.9,3817.0,5.1,6050.0,-0.44276106232527224
"Whitman County, Washington",53075,52893.0,9.3,800.0,6.5,1634.0,0.44203223560411614
"Yakima County, Washington",53077,68015.0,11.4,6993.0,7.1,8418.0,0.36904334490656815
"Barbour County, West Virginia",54001,48347.0,16.1,619.0,10.3,658.0,1.487490334077874
"Berkeley County, West Virginia",54003,77329.0,8.2,2626.0,4.8,3174.0,-0.3310556804155014
"Boone County, West Virginia",54005,56152.0,13.4,725.0,8.8,675.0,0.9586145290169658
"Braxton County, West Virginia",54007,44449.0,13.2,424.0,12.8,556.0,1.7221088422204236
"Brooke County, West Virginia",54009,52116.0,8.1,442.0,6.0,615.0,0.31134477119962334
"Cabell County, West Virginia",54011,52828.0,13.1,2878.0,5.8,2514.0,0.5891875849066074
"Calhoun County, West Virginia",54013,41421.0,20.8,304.0,10.9,224.0,2.002960293552583
"Clay County, West Virginia",54015,42790.0,18.1,364.0,11.8,311.0,1.928612729034877
"Doddridge County, West Virginia",54017,61164.0,11.9,206.0,4.7,140.0,0.20105939654043367
"Fayette County, West Virginia",54019,52672.0,13.8,1435.0,7.1,1113.0,0.8162423134357787
"Gilmer County, West Virginia",54021,50991.0,14.0,210.0,8.1,186.0,0.9992155041865166
"Grant County, West Virginia",54023,61530.0,6.2,176.0,4.9,255.0,-0.1421146342165801
"Greenbrier County, West Virginia",54025,48662.0,15.2,1280.0,4.2,575.0,0.5822509904433139
"Hampshire County, West Virginia",54027,60299.0,11.1,599.0,7.2,720.0,0.5115690909880838
"Hancock County, West Virginia",54029,61017.0,11.1,883.0,8.2,1130.0,0.6358037362410628
"Hardy County, West Virginia",54031,49302.0,14.9,523.0,5.7,398.0,0.7578325418444475
"Harrison County, West Virginia",54033,58326.0,8.6,1344.0,4.3,1289.0,-0.010347463308048135
"Jackson County, West Virginia",54035,55671.0,11.3,824.0,4.3,467.0,0.2128404797310988
"Jefferson County, West Virginia",54037,95523.0,6.1,918.0,4.1,1248.0,-0.9103429869305842
"Kanawha County, West Virginia",54039,58887.0,12.3,5613.0,5.5,4475.0,0.38061904049160455
"Lewis County, West Virginia",54041,52279.0,13.2,594.0,9.4,653.0,1.1028710233218628
"Lincoln County, West Virginia",54043,48593.0,15.8,825.0,6.1,429.0,0.8840534475121847
"Logan County, West Virginia",54045,47237.0,16.3,1386.0,9.8,1101.0,1.452528843998043
"McDowell County, West Virginia",54047,29980.0,29.2,1173.0,14.9,656.0,3.310262675605186
"Marion County, West Virginia",54049,67537.0,9.2,1377.0,5.3,1448.0,-0.01058453969453176
"Marshall County, West Virginia",54051,60329.0,11.7,989.0,4.0,557.0,0.10770187979922631
"Mason County, West Virginia",54053,53454.0,11.1,747.0,3.0,287.0,0.06317122714822891
"Mercer County, West Virginia",54055,47799.0,14.4,2266.0,4.0,955.0,0.5201369650665947
"Mineral County, West Virginia",54057,68049.0,10.3,724.0,6.0,711.0,0.14639863968683742
"Mingo County, West Virginia",54059,39527.0,23.6,1456.0,10.8,738.0,2.204146503838054
"Monongalia County, West Virginia",54061,62704.0,10.6,2471.0,5.0,2864.0,0.12998226187358206
"Monroe County, West Virginia",54063,54508.0,10.5,321.0,10.0,507.0,0.9706438118862645
"Morgan County, West Virginia",54065,63805.0,7.5,371.0,3.4,289.0,-0.309742687559076
"Nicholas County, West Virginia",54067,49280.0,11.6,725.0,8.6,819.0,0.9478412494351899
"Ohio County, West Virginia",54069,57867.0,10.5,1087.0,5.8,1134.0,0.32669376178850884
"Pendleton County, West Virginia",54071,61738.0,9.0,144.0,6.3,166.0,0.22578016969175962
"Pleasants County, West Virginia",54073,61038.0,6.2,118.0,6.6,226.0,0.10190498734943924
"Pocahontas County, West Virginia",54075,41200.0,14.8,261.0,10.6,292.0,1.5828931917691547
"Preston County, West Virginia",54077,61373.0,9.6,827.0,6.2,892.0,0.25726607122781897
"Putnam County, West Virginia",54079,77871.0,7.4,1190.0,3.2,878.0,-0.6132879268373747
"Raleigh County, West Virginia",54081,52055.0,16.5,3117.0,5.5,1574.0,0.779582136186321
"Randolph County, West Virginia",54083,55057.0,10.6,690.0,7.0,816.0,0.5525205946943695
"Ritchie County, West Virginia",54085,50256.0,17.1,375.0,1.7,51.0,0.3279696167584358
"Roane County, West Virginia",54087,45194.0,16.2,536.0,9.1,426.0,1.388703496280038
"Summers County, West Virginia",54089,42544.0,16.2,426.0,5.7,207.0,0.9703072014879845
"Taylor County, West Virginia",54091,56807.0,9.1,403.0,9.6,697.0,0.7820430517775115
"Tucker County, West Virginia",54093,53475.0,8.8,158.0,6.2,193.0,0.3575715860611397
"Tyler County, West Virginia",54095,58293.0,11.2,210.0,5.9,183.0,0.37700137935378497
"Upshur County, West Virginia",54097,51859.0,14.3,867.0,5.8,568.0,0.6843385658006148
"Wayne County, West Virginia",54099,55539.0,12.9,1330.0,5.4,836.0,0.4692719521812623
"Webster County, West Virginia",54101,42061.0,19.3,357.0,9.6,268.0,1.7155761891066614
"Wetzel County, West Virginia",54103,53341.0,10.8,393.0,5.8,314.0,0.43257643820392405
"Wirt County, West Virginia",54105,54688.0,14.1,205.0,3.3,67.0,0.27237291183291007
"Wood County, West Virginia",54107,56193.0,10.2,2225.0,5.6,2119.0,0.312030626417789
"Wyoming County, West Virginia",54109,48038.0,18.0,1029.0,5.6,374.0,0.9660904649677429
"Adams County, Wisconsin",55001,59153.0,7.6,425.0,5.1,452.0,0.020382020889154296
"Ashland County, Wisconsin",55003,57645.0,8.8,333.0,4.7,374.0,0.07066470625544516
"Barron County, Wisconsin",55005,64619.0,6.3,797.0,3.1,727.0,-0.44332158379004905
"Bayfield County, Wisconsin",55007,69609.0,5.5,269.0,3.6,270.0,-0.5210078546823791
"Brown County, Wisconsin",55009,77490.0,6.0,4075.0,2.8,4096.0,-0.750528449865456
"Buffalo County, Wisconsin",55011,68722.0,7.0,256.0,2.6,180.0,-0.5462777316899873
"Burnett County, Wisconsin",55013,61664.0,8.6,374.0,4.4,313.0,-0.060518329511440434
"Calumet County, Wisconsin",55015,87700.0,4.8,711.0,2.2,642.0,-1.1055731809697737
"Chippewa County, Wisconsin",55017,74009.0,5.8,980.0,3.0,1013.0,-0.6689821841935385
"Clark County, Wisconsin",55019,66250.0,7.4,640.0,3.3,541.0,-0.3767805144998088
"Columbia County, Wisconsin",55021,82792.0,5.2,823.0,3.0,946.0,-0.8755923490487342
"Crawford County, Wisconsin",55023,63496.0,8.1,335.0,3.1,219.0,-0.3069289028800685
"Dane County, Wisconsin",55025,88108.0,4.8,6416.0,2.4,7916.0,-1.0857932842640023
"Dodge County, Wisconsin",55027,73992.0,5.2,1175.0,3.9,1881.0,-0.582751664025739
"Door County, Wisconsin",55029,71785.0,5.6,490.0,3.4,509.0,-0.5839264849805853
"Douglas County, Wisconsin",55031,72579.0,5.5,605.0,3.5,800.0,-0.5917251882942395
"Dunn County, Wisconsin",55033,71785.0,5.7,584.0,4.2,1051.0,-0.4671490796857134
"Eau Claire County, Wisconsin",55035,71834.0,5.1,1274.0,3.1,1869.0,-0.6581725799101293
"Florence County, Wisconsin",55037,62786.0,5.2,72.0,5.5,114.0,-0.14720553867907532
"Fond du Lac County, Wisconsin",55039,73154.0,5.1,1333.0,3.1,1690.0,-0.6834694130991169
"Forest County, Wisconsin",55041,59727.0,9.1,238.0,3.5,135.0,-0.11568360465427678
"Grant County, Wisconsin",55043,64349.0,7.2,874.0,2.8,736.0,-0.4221100041408752
"Green County, Wisconsin",55045,80248.0,3.1,294.0,3.6,730.0,-0.8780581085744702
"Green Lake County, Wisconsin",55047,66917.0,8.5,446.0,3.2,286.0,-0.3331634680844955
"Iowa County, Wisconsin",55049,83372.0,3.3,207.0,3.3,430.0,-0.9665621896614587
"Iron County, Wisconsin",55051,59058.0,6.5,115.0,2.9,80.0,-0.35158454211740137
"Jackson County, Wisconsin",55053,65508.0,6.7,349.0,5.3,515.0,-0.1312435858443771
"Jefferson County, Wisconsin",55055,80604.0,5.9,1291.0,3.3,1608.0,-0.7475904181889592
"Juneau County, Wisconsin",55057,65150.0,8.5,571.0,4.2,517.0,-0.16130561792649034
"Kenosha County, Wisconsin",55059,79412.0,7.7,3362.0,4.8,4399.0,-0.4028835187672524
"Kewaunee County, Wisconsin",55061,80085.0,4.1,239.0,1.6,176.0,-1.0871061736760959
"La Crosse County, Wisconsin",55063,70704.0,4.8,1344.0,3.0,2013.0,-0.6694616179008847
"Lafayette County, Wisconsin",55065,72091.0,7.1,312.0,2.5,215.0,-0.6182598742594809
"Langlade County, Wisconsin",55067,57258.0,8.2,445.0,3.4,326.0,-0.13960209118285474
"Lincoln County, Wisconsin",55069,67726.0,6.9,529.0,3.5,500.0,-0.40937672456486246
"Manitowoc County, Wisconsin",55071,68611.0,6.3,1385.0,2.1,850.0,-0.6578199292855522
"Marathon County, Wisconsin",55073,76185.0,5.4,1975.0,2.9,2140.0,-0.7500100245639324
"Marinette County, Wisconsin",55075,63401.0,6.3,725.0,3.9,782.0,-0.3095838343998312
"Marquette County, Wisconsin",55077,63471.0,6.9,299.0,2.9,208.0,-0.41062951968534217
"Menominee County, Wisconsin",55078,59528.0,18.3,199.0,11.2,174.0,1.5378079324751877
"Milwaukee County, Wisconsin",55079,62118.0,12.9,26984.0,4.7,22015.0,0.24659402329877197
"Monroe County, Wisconsin",55081,68213.0,8.7,1006.0,2.8,625.0,-0.400434726994888
"Oconto County, Wisconsin",55083,75886.0,5.4,614.0,2.2,437.0,-0.8408761211177435
"Oneida County, Wisconsin",55085,69621.0,4.4,451.0,2.2,392.0,-0.7846293228255415
"Outagamie County, Wisconsin",55087,82857.0,4.2,2096.0,3.0,3149.0,-0.9406553644582681
"Ozaukee County, Wisconsin",55089,96734.0,2.9,733.0,2.5,1241.0,-1.3585577395974229
"Pepin County, Wisconsin",55091,74536.0,5.1,107.0,2.2,79.0,-0.834149561307029
"Pierce County, Wisconsin",55093,88802.0,3.7,376.0,3.0,725.0,-1.0864956041553753
"Polk County, Wisconsin",55095,76208.0,5.5,695.0,3.5,798.0,-0.6612723152963879
"Portage County, Wisconsin",55097,73284.0,5.1,906.0,3.2,1247.0,-0.6721613089462427
"Price County, Wisconsin",55099,58720.0,8.4,322.0,2.8,176.0,-0.23765353638271466
"Racine County, Wisconsin",55101,75331.0,7.2,3636.0,4.2,4261.0,-0.4393795654532883
"Richland County, Wisconsin",55103,62649.0,8.9,394.0,3.3,271.0,-0.21204397996306992
"Rock County, Wisconsin",55105,74390.0,6.8,2836.0,4.0,3382.0,-0.47447184275268844
"Rusk County, Wisconsin",55107,58322.0,8.2,311.0,4.9,320.0,0.04699901217499066
"St. Croix County, Wisconsin",55109,102482.0,4.8,1254.0,2.0,1027.0,-1.4164583020245762
"Sauk County, Wisconsin",55111,77648.0,5.9,1061.0,2.6,929.0,-0.7875370558161491
"Sawyer County, Wisconsin",55113,59055.0,12.6,654.0,5.5,457.0,0.39654464494557445
"Shawano County, Wisconsin",55115,67032.0,9.6,1048.0,3.3,671.0,-0.2513688280986927
"Sheboygan County, Wisconsin",55117,71898.0,4.8,1469.0,2.4,1490.0,-0.7751405069962077
"Taylor County, Wisconsin",55119,63142.0,5.6,288.0,2.8,286.0,-0.5010864740152488
"Trempealeau County, Wisconsin",55121,71295.0,4.8,386.0,2.2,342.0,-0.7911833715263331
"Vernon County, Wisconsin",55123,69556.0,8.1,642.0,2.9,407.0,-0.450663282211879
"Vilas County, Wisconsin",55125,67132.0,7.4,499.0,4.1,447.0,-0.28328772700116217
"Walworth County, Wisconsin",55127,77359.0,4.6,1255.0,3.4,1934.0,-0.7545654504190075
"Washburn County, Wisconsin",55129,61270.0,6.7,317.0,3.9,296.0,-0.24321784500660945
"Washington County, Wisconsin",55131,95851.0,3.5,1379.0,2.7,2080.0,-1.2757463706515277
"Waukesha County, Wisconsin",55133,104100.0,3.5,3945.0,2.6,5761.0,-1.447631872751771
"Waupaca County, Wisconsin",55135,71189.0,6.7,972.0,3.2,855.0,-0.5299044275642654
"Waushara County, Wisconsin",55137,64968.0,7.8,513.0,4.2,481.0,-0.20248985784157728
"Winnebago County, Wisconsin",55139,72873.0,5.2,2182.0,2.2,2047.0,-0.7958976505406531
"Wood County, Wisconsin",55141,66417.0,6.8,1344.0,4.3,1608.0,-0.2802767606277751
"Albany County, Wyoming",56001,59881.0,6.9,575.0,4.3,952.0,-0.14863737400538657
"Big Horn County, Wyoming",56003,60547.0,8.7,244.0,5.0,273.0,0.05006664478295695
"Campbell County, Wyoming",56005,95253.0,7.3,914.0,3.4,852.0,-0.9251840416226679
"Carbon County, Wyoming",56007,66721.0,9.5,361.0,6.0,394.0,0.12079491660224266
"Converse County, Wyoming",56009,79164.0,7.6,282.0,3.6,242.0,-0.5701060214519584
"Crook County, Wyoming",56011,71209.0,3.3,66.0,0.8,29.0,-1.0784536766549502
"Fremont County, Wyoming",56013,64646.0,8.0,751.0,7.9,1502.0,0.3270244845742784
"Goshen County, Wyoming",56015,64882.0,8.3,265.0,2.6,152.0,-0.38972440480816656
"Hot Springs County, Wyoming",56017,64375.0,6.7,92.0,1.7,36.0,-0.6063109924094754
"Johnson County, Wyoming",56019,63905.0,8.3,189.0,2.2,91.0,-0.4261987511413556
"Laramie County, Wyoming",56021,77884.0,6.4,1702.0,3.3,1674.0,-0.6635549413967649
"Lincoln County, Wyoming",56023,86092.0,7.2,373.0,2.0,202.0,-0.9491943453522822
"Natrona County, Wyoming",56025,71247.0,6.9,1430.0,3.8,1568.0,-0.43545573385981506
"Niobrara County, Wyoming",56027,48987.0,16.4,95.0,3.3,36.0,0.5284082786753416
"Park County, Wyoming",56029,70533.0,7.6,638.0,2.2,318.0,-0.5978916531905375
"Platte County, Wyoming",56031,66299.0,5.8,134.0,4.6,180.0,-0.30043433826255733
"Sheridan County, Wyoming",56033,70855.0,4.7,373.0,2.7,430.0,-0.7201355329152443
"Sublette County, Wyoming",56035,82791.0,6.6,161.0,1.8,81.0,-0.9518224187961138
"Sweetwater County, Wyoming",56037,76464.0,10.9,1186.0,5.8,1254.0,-0.004177186955643823
"Teton County, Wyoming",56039,112681.0,3.5,201.0,2.5,374.0,-1.625879911684396
"Uinta County, Wyoming",56041,82672.0,4.3,210.0,3.5,352.0,-0.8617309464733397
"Washakie County, Wyoming",56043,62648.0,5.1,104.0,2.0,81.0,-0.6339236663388783
"Weston County, Wyoming",56045,87545.0,12.5,220.0,1.4,45.0,-0.7216048882540101
Puerto Rico,72001,25096.0,38.2,304614.0,12.1,153090.0,3.5918321503374355
